id_cliente,nome,email,cidade,estado,segmento,data_cadastro
1,Brenda Alves,samuel32@example.net,Rocha,RJ,Varejo,2025-12-28
2,Otávio Andrade,borgespedro-henrique@example.org,Novais,PR,Atacado,2024-07-07
3,Dra. Ísis Leão,manuelapastor@example.com,Teixeira,RS,Atacado,2024-05-08
4,Sra. Manuela da Mota,pedroteixeira@example.com,Borges,RJ,Varejo,2025-04-15
5,Luiz Henrique Ferreira,caio78@example.org,Barros da Prata,DF,Corporativo,2024-12-01
6,Maria Cecília Oliveira,davi-miguelaparecida@example.net,Vargas,SP,Varejo,2024-11-25
7,Igor Brito,dda-mota@example.net,Castro da Praia,RJ,Atacado,2025-03-07
8,João Felipe Sampaio,pereiraluigi@example.net,Castro,RS,Varejo,2025-08-21
9,Júlia Porto,ayllavargas@example.org,Andrade,CE,Atacado,2025-01-05
10,Juliana Azevedo,ana-vitoriacunha@example.net,Gonçalves de Ramos,CE,Corporativo,2025-08-15
11,João Carvalho,stephanyda-luz@example.net,Pacheco das Flores,RS,Corporativo,2025-03-18
12,Davi Miguel Moraes,wborges@example.org,Cassiano,DF,Premium,2026-05-04
13,Otávio Peixoto,gomesgiovanna@example.net,Moura de da Cunha,SP,Atacado,2026-01-09
14,Danilo Rodrigues,carolina14@example.com,Marques,SC,Premium,2023-09-08
15,Dra. Julia Montenegro,nataliacaldeira@example.net,Porto do Galho,PR,Atacado,2026-04-06
16,Eduardo Freitas,valentinavasconcelos@example.net,Peixoto,RS,Premium,2025-01-18
17,Allana Camargo,ana-liz30@example.org,Barros,RJ,Varejo,2025-09-26
18,Vitor Vargas,jose-miguelribeiro@example.com,da Luz,SC,Varejo,2025-11-30
19,Mariana Cunha,ana-liviaguerra@example.net,Macedo do Galho,BA,Premium,2025-08-04
20,Josué Câmara,fernandesasafe@example.net,Pastor,DF,Premium,2024-08-10
21,Brayan Santos,da-conceicaodavi-luiz@example.org,Barbosa do Galho,SP,Corporativo,2024-09-06
22,Ryan Cunha,maria-juliada-cruz@example.com,Correia do Campo,CE,Varejo,2024-01-31
23,Marina Fogaça,djesus@example.net,Rocha,SC,Varejo,2026-06-14
24,Beatriz Araújo,vsiqueira@example.org,Correia,CE,Premium,2024-06-24
25,Melissa Carvalho,rcirino@example.com,Barbosa,DF,Premium,2025-07-22
26,Beatriz Aragão,borgesrenan@example.org,Mendonça do Amparo,DF,Atacado,2024-07-31
27,Ana Liz Cavalcante,yabreu@example.com,da Paz de Lima,RJ,Varejo,2026-01-13
28,Raquel Cassiano,ana-carolinacunha@example.org,Souza,RS,Premium,2025-01-02
29,Benicio Pacheco,hmontenegro@example.org,Moraes,RJ,Atacado,2024-01-05
30,Bernardo Peixoto,rocharavy@example.com,Nunes,RJ,Corporativo,2024-09-19
31,Ana Cecília Pinto,leaorebeca@example.com,Costela Alegre,PR,Corporativo,2024-09-07
32,Miguel Cardoso,maria-cecilia51@example.org,Pinto de Nunes,BA,Atacado,2024-02-05
33,Vitor Gabriel Cunha,joao51@example.org,da Paz da Serra,BA,Premium,2025-07-14
34,Liz Pimenta,riosana-clara@example.net,Carvalho,RS,Premium,2024-10-17
35,Cauê Souza,yagoda-paz@example.net,Silva,RJ,Atacado,2025-02-16
36,João Montenegro,dda-cunha@example.org,da Mota do Norte,CE,Atacado,2023-09-08
37,Sr. João Castro,tnovaes@example.com,Camargo,MG,Corporativo,2023-12-28
38,Srta. Ísis Andrade,juan62@example.org,Fonseca do Norte,SC,Premium,2025-03-11
39,Josué Rios,fogacajoana@example.net,da Costa,CE,Atacado,2024-05-12
40,Noah Alves,brendaviana@example.com,da Mata,BA,Varejo,2024-05-07
41,Srta. Maria Helena Andrade,mcamara@example.com,das Neves de Goiás,RS,Varejo,2024-08-14
42,Gael Guerra,agatha14@example.com,Rocha da Prata,BA,Corporativo,2025-01-29
43,Danilo da Luz,viniciusandrade@example.org,Ferreira Alegre,PR,Varejo,2025-07-11
44,Sophia Camargo,moliveira@example.com,Santos,RS,Premium,2025-07-11
45,Vicente Nascimento,emanuellalopes@example.org,Pinto Alegre,RS,Corporativo,2026-06-29
46,Kaique Montenegro,julia56@example.net,Novaes Grande,SC,Corporativo,2024-06-27
47,Maria Helena Rocha,ana-juliaguerra@example.net,da Rosa,MG,Premium,2024-11-21
48,Pedro Viana,maria-flor77@example.net,Moraes,MG,Atacado,2025-09-07
49,Srta. Antonella da Paz,francisco34@example.org,Casa Grande,CE,Premium,2023-10-10
50,Joaquim Melo,marqueskamilly@example.net,Silva,DF,Corporativo,2025-04-21
51,Maria Liz da Cruz,anthonysa@example.org,Câmara da Serra,DF,Corporativo,2025-11-15
52,Ana Julia Novais,joaquimmarques@example.org,Rios de Moura,BA,Atacado,2026-01-18
53,Luiza Sá,upimenta@example.net,Novaes dos Dourados,MG,Corporativo,2024-05-07
54,Sra. Milena da Luz,yurivargas@example.net,Pires de da Costa,RJ,Varejo,2024-11-02
55,Ana Vitória Silva,ravy45@example.com,Carvalho,RJ,Atacado,2024-04-24
56,Matheus Sales,pauloazevedo@example.com,Farias da Prata,MG,Corporativo,2025-08-26
57,Ana Liz Costela,xgomes@example.net,Teixeira,DF,Varejo,2026-02-13
58,Pietra Abreu,ana-cecilia66@example.net,Mendonça,SC,Corporativo,2024-08-08
59,Pedro Henrique Mendonça,gomesbarbara@example.net,Silveira da Serra,DF,Corporativo,2025-08-29
60,Vitor Alves,kpastor@example.net,Barros,CE,Premium,2026-05-28
61,Catarina Martins,carlos-eduardoda-luz@example.com,Cunha dos Dourados,CE,Varejo,2025-01-22
62,Dr. João Lucas Sá,fda-cunha@example.com,Souza,RJ,Premium,2025-12-18
63,Luiz Fernando Câmara,vasconcelosbruno@example.org,Costa,BA,Varejo,2023-10-04
64,Daniela da Costa,maria-juliarios@example.org,Martins,PR,Corporativo,2024-10-05
65,Sr. Danilo Vasconcelos,ana-liviacaldeira@example.net,das Neves,MG,Corporativo,2026-02-13
66,Maria Flor Gonçalves,dompastor@example.net,Caldeira,SP,Premium,2024-12-14
67,Bárbara Vieira,ferreirasophia@example.com,Azevedo do Galho,CE,Atacado,2026-06-04
68,Sr. Otto Mendonça,lopeseloa@example.net,Santos de Cassiano,CE,Varejo,2025-07-10
69,Vicente Rezende,stephany77@example.com,Duarte de Goiás,PR,Atacado,2024-01-15
70,Rael da Cruz,nnunes@example.net,Fernandes do Sul,MG,Premium,2025-10-09
71,Sr. Ryan Cunha,valentim54@example.net,Novais do Sul,MG,Varejo,2025-11-13
72,Bryan da Costa,jmendonca@example.org,Ramos de Silva,DF,Premium,2025-10-04
73,Allana Borges,pedro-miguel63@example.com,Melo da Prata,PE,Varejo,2025-12-05
74,Dr. Yan Farias,maria44@example.com,Campos,RJ,Premium,2024-06-28
75,Sr. Vitor Gabriel Teixeira,matheuscunha@example.net,da Mota de Silveira,PR,Atacado,2026-03-06
76,Larissa Brito,ana-carolinada-conceicao@example.com,da Rosa,SP,Atacado,2023-09-24
77,Dra. Carolina da Mota,aragaoana@example.net,Porto,DF,Varejo,2025-10-04
78,Anthony Gabriel Oliveira,maria-isis77@example.com,Aragão,RJ,Corporativo,2024-09-29
79,Bruna Azevedo,emendonca@example.net,Cassiano,RJ,Atacado,2024-04-21
80,Liz Barros,isaacnovais@example.com,Vasconcelos,MG,Corporativo,2025-11-22
81,Milena Macedo,liz49@example.net,Pimenta,CE,Atacado,2024-02-04
82,Heitor da Luz,castrorhavi@example.org,Castro,PR,Corporativo,2023-09-07
83,Milena Sales,cda-rocha@example.org,Santos da Mata,RS,Atacado,2025-08-08
84,Igor da Luz,laiscamargo@example.net,Ramos,PR,Corporativo,2024-04-21
85,Diego Barbosa,cavalcanteana-liz@example.net,Macedo do Campo,BA,Corporativo,2025-08-31
86,Sra. Maria Luiza da Mata,fmacedo@example.net,Lopes,CE,Corporativo,2025-01-15
87,Isis Alves,da-conceicaoasafe@example.net,Oliveira do Norte,RJ,Atacado,2024-06-01
88,Stella Rezende,lda-mota@example.net,Porto do Amparo,RS,Varejo,2024-01-22
89,Marcela Jesus,aurora12@example.com,Sales do Amparo,BA,Varejo,2024-11-23
90,Maria Liz Teixeira,marquesfelipe@example.com,Duarte do Campo,DF,Atacado,2025-05-22
91,Agatha Ribeiro,djesus@example.org,Pinto do Amparo,DF,Atacado,2026-05-01
92,Ana Júlia Costela,isis24@example.com,Campos de Alves,SP,Varejo,2026-05-08
93,Isabella Santos,ana-livianovaes@example.org,Borges de Goiás,SP,Atacado,2024-02-26
94,Bárbara Ramos,melinasilva@example.com,Leão do Amparo,RJ,Varejo,2025-09-05
95,Rafael Novaes,hadassacorreia@example.net,Azevedo,BA,Varejo,2024-11-05
96,Manuela Viana,andre44@example.net,Cassiano de Machado,CE,Atacado,2025-12-17
97,Manuella Farias,umarques@example.org,Oliveira,PR,Corporativo,2025-04-19
98,Noah Aparecida,maria-julia66@example.net,Monteiro,RS,Atacado,2023-10-30
99,Theodoro Pastor,guilherme71@example.net,Albuquerque de Silveira,DF,Corporativo,2024-04-13
100,Daniela Barbosa,qviana@example.com,Rezende de Minas,RS,Corporativo,2025-01-25
101,Yasmin Garcia,mariah80@example.net,da Costa,SC,Atacado,2026-05-10
102,Laura da Conceição,lopesgael-henrique@example.net,Macedo,RJ,Varejo,2024-05-18
103,Sra. Ana Aparecida,daniel45@example.com,Casa Grande de Goiás,SC,Premium,2025-12-06
104,Emilly Cavalcante,emanuelpimenta@example.com,Monteiro,SC,Corporativo,2026-02-24
105,Igor Martins,maria-clara40@example.com,Rocha da Prata,PE,Varejo,2024-05-05
106,Pedro Miguel Ferreira,lais47@example.com,Gomes,RJ,Varejo,2025-09-22
107,Isaac Garcia,ana-carolina40@example.net,da Mota do Sul,SC,Premium,2026-01-29
108,Ana Julia Pereira,xda-paz@example.org,Câmara do Oeste,RJ,Atacado,2026-04-24
109,Davi Miguel Pires,piresbruno@example.com,Andrade de Pacheco,RS,Atacado,2025-03-22
110,Srta. Ayla da Rocha,kamilly23@example.org,Moura do Galho,CE,Corporativo,2024-10-30
111,José Miguel Mendes,camila17@example.org,Sá,MG,Corporativo,2024-08-18
112,Maria Laura Novais,fernando60@example.com,Marques,MG,Premium,2025-03-28
113,Julia Pacheco,xporto@example.org,Melo,PE,Atacado,2023-10-11
114,Lunna Pimenta,davi-lucasporto@example.com,Rezende das Pedras,RJ,Corporativo,2024-03-02
115,Augusto Andrade,marina11@example.org,Gomes,CE,Varejo,2025-08-07
116,Dr. Eduardo Leão,mendoncajoana@example.com,Sales,SP,Varejo,2025-03-31
117,Pedro Miguel Macedo,eloabrito@example.net,Nogueira da Praia,RJ,Atacado,2023-12-06
118,Kamilly Correia,marquesfernando@example.net,Ramos,MG,Corporativo,2026-05-23
119,Alícia Aragão,ryan29@example.org,Teixeira,PE,Corporativo,2026-01-10
120,Henrique da Conceição,juan90@example.com,Cardoso,RS,Corporativo,2025-12-20
121,Erick Camargo,cardosoarthur@example.com,Pastor,SP,Atacado,2025-01-17
122,Erick da Luz,cardosolaura@example.net,Souza,SC,Varejo,2023-12-10
123,Melissa Vasconcelos,olivia91@example.com,Pimenta,SC,Premium,2023-11-09
124,Dra. Stephany da Rosa,bramos@example.org,Guerra de Lima,PE,Premium,2026-08-03
125,Samuel Silva,fbarbosa@example.com,Azevedo,SC,Corporativo,2024-03-17
126,Yan Silva,giovanna98@example.com,Montenegro de Pereira,MG,Atacado,2025-07-02
127,Danilo Rezende,lorenamachado@example.org,Fernandes dos Dourados,PR,Atacado,2025-05-14
128,Aylla Dias,qdias@example.com,Cassiano do Amparo,SP,Varejo,2023-12-16
129,Bryan Borges,vbrito@example.net,Cardoso da Prata,BA,Varejo,2023-12-05
130,Luísa Rios,jesusdaniela@example.net,Silveira do Norte,SP,Corporativo,2024-11-22
131,Luana Fogaça,oliveiranatalia@example.org,Ribeiro,CE,Atacado,2025-09-21
132,Cauê Ferreira,ian49@example.org,Novais da Prata,SP,Varejo,2023-10-13
133,Juliana Alves,yagosampaio@example.com,Ferreira do Sul,MG,Varejo,2024-06-10
134,Murilo Azevedo,bentoborges@example.net,Garcia,DF,Varejo,2025-06-16
135,Manuela Castro,ana-livia59@example.net,Aragão,RS,Corporativo,2024-05-01
136,Benicio Rocha,da-mataluisa@example.net,Mendonça dos Dourados,RJ,Atacado,2025-06-07
137,Henrique Sá,ferreiralorena@example.org,Rocha Verde,DF,Varejo,2025-09-27
138,Lorena Aparecida,isabelapeixoto@example.org,Costela,DF,Varejo,2024-12-14
139,Davi Miguel Teixeira,amanda51@example.org,Souza de Lopes,SC,Premium,2024-06-01
140,Mateus Nascimento,melissanovais@example.net,Barbosa das Flores,PR,Atacado,2023-11-07
141,Allana Marques,diasliz@example.net,Santos das Pedras,BA,Atacado,2024-11-25
142,Nathan Almeida,luigi97@example.net,Borges das Pedras,PR,Corporativo,2024-02-14
143,Pedro Henrique Pastor,fmoura@example.com,Souza Alegre,MG,Premium,2024-08-12
144,Sr. Breno Moraes,mouranina@example.org,Ferreira Grande,PE,Premium,2024-09-04
145,Diogo da Cunha,luiz-felipepereira@example.org,Cavalcanti,RJ,Varejo,2026-05-05
146,Nicole Sá,krodrigues@example.net,Pires Alegre,PE,Varejo,2024-04-24
147,Ana Lívia Melo,tpires@example.com,Fogaça,RJ,Atacado,2025-10-30
148,Leonardo Martins,dandrade@example.com,Barbosa de Minas,CE,Premium,2026-04-15
149,Sofia Gomes,jpacheco@example.net,Machado,MG,Premium,2026-02-07
150,Esther Duarte,jmontenegro@example.org,Caldeira de Fernandes,RJ,Atacado,2024-01-12
151,Emanuella Aparecida,lunamacedo@example.net,Fonseca,BA,Premium,2025-04-04
152,Mathias Jesus,caua51@example.com,Novais,MG,Corporativo,2026-07-22
153,Larissa da Cunha,brendabarros@example.net,Ferreira,CE,Premium,2024-12-27
154,Maria Júlia Cardoso,das-nevesfernanda@example.net,Cardoso do Galho,DF,Varejo,2024-01-26
155,Mariana Moraes,arthur-miguel54@example.org,Fernandes,CE,Premium,2025-09-27
156,Henry Gabriel Carvalho,eduardoda-rocha@example.org,Ribeiro,RJ,Atacado,2025-02-07
157,Caroline Peixoto,kcassiano@example.org,Silveira,PR,Varejo,2025-07-13
158,Noah Fonseca,liviapimenta@example.com,da Conceição de Nascimento,RJ,Atacado,2024-09-08
159,Ravy Correia,lunna74@example.com,Castro do Oeste,PR,Premium,2026-03-30
160,José Aragão,jfreitas@example.org,da Paz,DF,Atacado,2024-01-11
161,João Gabriel Machado,luizaborges@example.org,Ferreira de Alves,BA,Atacado,2025-06-08
162,Miguel Montenegro,ravy61@example.com,Alves,PR,Corporativo,2025-01-10
163,Lucas Gabriel Vieira,joao-guilhermeandrade@example.com,Sampaio de Carvalho,PR,Varejo,2025-08-31
164,Alana Barros,da-cunhapedro@example.org,Camargo da Mata,RJ,Corporativo,2024-09-06
165,Davi Aragão,larissaporto@example.net,Azevedo de Camargo,PR,Varejo,2025-10-18
166,Zoe Almeida,joao-pedroda-rocha@example.com,Pimenta,SP,Premium,2025-03-04
167,Oliver Cirino,mouraeloah@example.org,Gomes,MG,Premium,2025-09-02
168,Mathias Freitas,arthur-gabriel51@example.com,Siqueira,MG,Corporativo,2026-06-19
169,Bella Vargas,joao-felipe05@example.net,Ramos da Serra,CE,Corporativo,2026-08-01
170,Pietra Pires,joao-gabrielazevedo@example.net,Andrade de da Rocha,CE,Varejo,2024-07-12
171,Guilherme Aparecida,ana-luiza86@example.net,da Cunha de Andrade,RJ,Varejo,2026-06-03
172,João Pedro Fogaça,rezendebianca@example.com,Freitas,MG,Varejo,2025-07-12
173,Maysa Gomes,marcelo77@example.com,Barros das Pedras,BA,Atacado,2024-01-03
174,Emilly Nogueira,aurora11@example.com,das Neves dos Dourados,SC,Atacado,2026-03-27
175,Sra. Eloah Sales,cferreira@example.org,Pimenta das Pedras,SP,Premium,2024-11-02
176,Ana Laura Barbosa,gfonseca@example.net,Alves,BA,Varejo,2024-04-11
177,Maysa Andrade,davi-luizda-costa@example.net,Fonseca das Flores,BA,Atacado,2026-01-31
178,Eduardo Rocha,xfreitas@example.com,Oliveira,RS,Varejo,2024-04-03
179,Maria Clara Gonçalves,agatha31@example.org,Monteiro,BA,Corporativo,2025-11-15
180,Bárbara da Luz,maite39@example.com,Costa de Campos,DF,Atacado,2024-03-31
181,Rael Cavalcanti,zborges@example.net,Rios da Praia,RS,Atacado,2023-12-12
182,Ágatha da Rocha,levi25@example.net,Campos,MG,Corporativo,2024-07-11
183,Isaac Vieira,xalves@example.net,Martins da Prata,SP,Atacado,2024-03-22
184,Aurora Azevedo,isabella78@example.com,Oliveira de Minas,BA,Corporativo,2024-03-15
185,Sr. Rael Martins,jose-miguel89@example.org,Lopes,RS,Premium,2025-10-23
186,Davi Moreira,ana-juliacavalcante@example.org,Santos de Goiás,MG,Varejo,2025-02-21
187,Larissa Barros,matteo84@example.org,Pimenta da Prata,SC,Varejo,2024-01-26
188,Eloá Pastor,luigiribeiro@example.net,Nunes do Norte,PE,Atacado,2023-10-17
189,Augusto Ramos,otto96@example.net,Monteiro,RS,Corporativo,2026-05-04
190,Lavínia Ramos,maria-sophia36@example.com,Barbosa de Sales,BA,Premium,2023-12-05
191,Pedro Lucas Leão,nmartins@example.com,Dias,RS,Atacado,2025-01-11
192,Sra. Maria Liz Cardoso,olivia81@example.com,Martins,SP,Atacado,2024-03-11
193,Rael da Cruz,gaelaragao@example.com,Pimenta das Pedras,SC,Premium,2024-09-22
194,Luan Oliveira,mateus27@example.net,Monteiro de das Neves,PR,Varejo,2025-10-14
195,Caleb Gonçalves,nda-costa@example.net,Aragão do Norte,PR,Premium,2024-11-13
196,Olivia da Paz,caldeiralorena@example.org,Siqueira da Praia,CE,Corporativo,2025-05-21
197,Sr. Murilo Aragão,eloanovaes@example.com,Gomes,CE,Premium,2025-10-25
198,Lara Pinto,cardosogael@example.com,Vieira Alegre,SP,Varejo,2026-01-16
199,Sr. Gael Henrique Pereira,cmontenegro@example.org,Carvalho,PR,Atacado,2025-02-01
200,Stella Marques,oliviacarvalho@example.com,Castro das Flores,DF,Premium,2026-04-17
201,Sra. Maitê Montenegro,ksantos@example.com,Almeida de Freitas,SP,Varejo,2025-01-29
202,Brenda Leão,benjamim97@example.com,Silveira,DF,Corporativo,2023-11-21
203,Pietra Cavalcante,rcasa-grande@example.org,Oliveira,BA,Premium,2024-02-20
204,Antony Macedo,larissa26@example.net,Jesus,SC,Varejo,2025-10-21
205,Olivia Sousa,santosjoao-guilherme@example.net,Novais,SC,Atacado,2025-01-19
206,Pietra Moura,ldias@example.com,Nogueira da Praia,PR,Varejo,2026-07-18
207,Dra. Julia Pimenta,pcorreia@example.com,Câmara da Mata,SC,Varejo,2024-11-24
208,Srta. Rebeca Dias,jferreira@example.net,da Paz do Campo,CE,Atacado,2026-02-09
209,Ísis Garcia,xferreira@example.org,Aparecida da Mata,BA,Corporativo,2024-01-03
210,Dr. José Miguel Souza,mcunha@example.net,Novais Paulista,RJ,Premium,2024-04-03
211,Isaque da Cruz,riossofia@example.org,Aragão,DF,Premium,2024-02-05
212,Luísa Silva,rbrito@example.org,Novaes,RJ,Premium,2024-05-05
213,Olívia Mendes,aliciaduarte@example.com,Vargas,CE,Premium,2024-01-19
214,Isabel Nascimento,cavalcantilara@example.org,Gonçalves,SC,Premium,2025-10-11
215,João Vitor Andrade,da-rosaheitor@example.com,Marques da Prata,SC,Premium,2025-11-25
216,Catarina Montenegro,mda-mata@example.org,Castro dos Dourados,CE,Atacado,2026-06-06
217,Francisco Albuquerque,ana-carolina93@example.org,Lima do Galho,RS,Corporativo,2025-01-24
218,Murilo Rios,cirinojoao-lucas@example.com,da Cruz do Sul,SC,Atacado,2024-10-12
219,Isabela Machado,bella49@example.net,da Luz,DF,Premium,2026-06-14
220,Sr. Bento Rios,martinsana-liz@example.org,Rodrigues do Galho,SC,Varejo,2024-12-29
221,Srta. Laís Freitas,pedro-lucascarvalho@example.com,Marques,PR,Premium,2026-03-31
222,Dr. Yan Melo,thalesrodrigues@example.net,Moura,RS,Corporativo,2025-07-27
223,Maria Cecília Barbosa,araujoagatha@example.net,Oliveira,DF,Premium,2025-12-14
224,Enzo Duarte,rcamargo@example.org,Borges de Moraes,PE,Corporativo,2025-07-26
225,Rafael Cardoso,kmarques@example.org,Rocha de das Neves,PE,Atacado,2023-10-06
226,Jade Abreu,diogoaparecida@example.com,Sampaio de Minas,CE,Corporativo,2025-12-21
227,Bernardo Melo,da-pazjulia@example.org,Vargas,MG,Varejo,2026-05-26
228,Dra. Mariah Freitas,ymachado@example.com,Rodrigues,PR,Premium,2026-06-27
229,Catarina Rezende,isaac28@example.com,Siqueira,RJ,Atacado,2024-08-13
230,Antônio da Rosa,urocha@example.net,Nascimento das Flores,PR,Atacado,2024-08-24
231,Raul Ferreira,yuricorreia@example.net,Andrade,RS,Atacado,2026-06-24
232,Allana da Costa,davi-luizbrito@example.net,Machado,SP,Varejo,2026-03-19
233,Ana Julia da Cruz,guerraluna@example.org,Sá,RS,Corporativo,2023-11-29
234,Theodoro da Rocha,antonellaoliveira@example.net,da Costa da Mata,DF,Varejo,2024-04-12
235,Stephany Câmara,rda-rosa@example.org,Pires,PE,Corporativo,2026-07-23
236,Sabrina Aragão,giovanna85@example.net,Jesus Grande,DF,Atacado,2024-12-11
237,Ester Sá,oda-costa@example.com,Martins,SC,Corporativo,2023-12-01
238,Maria Sophia Leão,hellenada-cruz@example.com,Farias,SC,Atacado,2026-06-03
239,Rael Freitas,nascimentomateus@example.org,Garcia do Norte,MG,Varejo,2023-12-25
240,Henrique Mendes,brendada-rosa@example.org,Correia,RJ,Corporativo,2024-03-03
241,Sra. Isabelly Sampaio,isabellada-costa@example.net,Vasconcelos da Mata,RS,Atacado,2025-04-16
242,Yasmin Rezende,ana-liz45@example.net,Martins de Brito,CE,Corporativo,2025-09-01
243,Sr. Léo Dias,kaparecida@example.org,Almeida,SP,Atacado,2024-10-12
244,Maria Vitória da Rocha,matteofarias@example.org,Nunes de Goiás,RJ,Corporativo,2025-10-17
245,Maitê da Cunha,psilveira@example.net,Marques de Cavalcante,MG,Corporativo,2025-03-03
246,Davi Miguel Silveira,icirino@example.net,Moura,CE,Premium,2023-10-25
247,Benicio Teixeira,jesusjoao-guilherme@example.net,Azevedo,PE,Corporativo,2024-04-24
248,Henrique Montenegro,dfreitas@example.net,Ribeiro de Mendonça,CE,Corporativo,2023-09-27
249,Vitor Novaes,balbuquerque@example.net,Nascimento da Mata,MG,Corporativo,2023-09-29
250,Marina Cavalcanti,britosabrina@example.org,Correia,PE,Premium,2026-04-22
251,Isis Fogaça,isabella15@example.com,Nunes de da Cruz,RS,Premium,2024-08-18
252,Bruno Rezende,borgesjade@example.com,Novaes do Amparo,CE,Corporativo,2023-11-29
253,Alexia Sampaio,enzomonteiro@example.com,Nunes do Campo,RS,Premium,2025-12-01
254,Ian Cunha,cda-mata@example.org,Nogueira Verde,PE,Varejo,2026-06-21
255,Felipe Dias,costelajoao-pedro@example.net,Barbosa da Mata,PR,Atacado,2024-05-12
256,Isabella Nunes,irocha@example.com,Sá Grande,PR,Premium,2024-01-02
257,Manuella Aragão,lopesravi@example.org,Pereira das Flores,BA,Varejo,2025-01-22
258,João Gabriel Viana,omendonca@example.com,Lopes da Serra,MG,Atacado,2026-07-24
259,Maria Helena Barros,thales11@example.com,Garcia,RS,Corporativo,2026-05-14
260,Mathias Dias,heitor10@example.com,Fonseca de Teixeira,MG,Atacado,2024-10-26
261,Davi Lucca Borges,lorenamachado@example.net,Caldeira do Sul,RJ,Corporativo,2024-01-20
262,Sr. Luan Gomes,da-rochajulia@example.com,Silveira,SC,Premium,2026-01-19
263,Vicente Cavalcante,icavalcante@example.com,da Mata do Amparo,CE,Corporativo,2024-04-16
264,Enzo Lopes,laura47@example.org,da Cunha de Goiás,SC,Varejo,2026-04-30
265,Fernanda Marques,carvalhoana-julia@example.org,Farias das Flores,RS,Corporativo,2025-01-26
266,Lívia Lopes,ana-claraduarte@example.net,Mendes,SC,Varejo,2025-01-03
267,Miguel Dias,mariane93@example.com,da Mota das Flores,DF,Corporativo,2025-03-23
268,Guilherme Pastor,isisalves@example.net,Santos de Costela,PE,Varejo,2025-07-15
269,Bernardo Vieira,frocha@example.org,da Costa Paulista,BA,Premium,2026-06-22
270,Otávio Vieira,cbarbosa@example.net,Pacheco de Guerra,SC,Corporativo,2025-12-11
271,Mariah Nogueira,vieiraeloah@example.net,Caldeira,CE,Atacado,2024-09-22
272,Maria Cavalcante,nunesisabelly@example.com,Caldeira do Sul,PE,Atacado,2024-02-03
273,Henry Moraes,maitefreitas@example.com,Vargas de Rocha,PR,Corporativo,2026-03-05
274,Dra. Clarice Ferreira,mendesgustavo-henrique@example.com,Barros do Campo,PE,Varejo,2024-04-10
275,Dr. Luigi Marques,raquelmendes@example.com,Brito de Macedo,SC,Premium,2025-08-05
276,Sr. Kaique Aparecida,almeidacaroline@example.net,Rocha,SC,Atacado,2024-05-15
277,Srta. Stella Cavalcanti,biancanovais@example.com,da Conceição de Guerra,PE,Atacado,2026-05-08
278,Francisco Porto,bgoncalves@example.net,Machado,DF,Varejo,2026-03-10
279,Maria Julia Abreu,noahda-mota@example.net,Oliveira,SC,Varejo,2024-02-08
280,Ester Fonseca,matteo71@example.com,Moura de Porto,RJ,Corporativo,2025-01-01
281,Maria Julia Pimenta,hpastor@example.com,Marques da Serra,MG,Corporativo,2026-07-15
282,Sra. Antonella Rocha,ana-sophiacampos@example.org,Camargo da Serra,MG,Varejo,2025-04-04
283,Srta. Sophia Gomes,ipeixoto@example.net,Lima da Serra,PR,Corporativo,2025-09-28
284,Zoe Sales,lucas-gabrielmendonca@example.com,Cirino,BA,Atacado,2025-01-03
285,Ana Júlia Fogaça,mendoncajoao-gabriel@example.org,Novais do Galho,PE,Premium,2026-06-13
286,Maria Luísa Rodrigues,tleao@example.com,Cavalcante de Barros,BA,Corporativo,2026-01-28
287,Henry da Rocha,da-motarael@example.net,Cavalcante dos Dourados,PR,Corporativo,2026-01-28
288,Sra. Sophia Camargo,da-matayasmin@example.com,Teixeira,PR,Varejo,2025-07-19
289,Helena Lima,sousathales@example.com,Machado,PE,Varejo,2024-10-15
290,Sr. Pedro Lucas Campos,ottosousa@example.net,Santos das Pedras,CE,Varejo,2024-05-17
291,Cecilia Viana,noaharaujo@example.net,Nascimento Paulista,BA,Atacado,2026-03-18
292,Eloá Duarte,amanda94@example.net,Carvalho,RJ,Varejo,2025-06-03
293,João Guilherme Rezende,joaoda-cruz@example.org,da Cruz das Flores,SP,Atacado,2025-10-02
294,João Felipe Pires,cgarcia@example.org,Guerra,RS,Varejo,2025-11-11
295,Sra. Maria Eduarda Marques,lduarte@example.org,Siqueira,DF,Atacado,2025-08-15
296,Maria Alice Azevedo,bcunha@example.org,da Mata de Duarte,RS,Atacado,2024-11-16
297,Sr. Ryan Viana,calebe01@example.net,Almeida de Campos,PE,Varejo,2024-05-05
298,Mirella Abreu,scosta@example.org,Castro Paulista,DF,Atacado,2024-01-25
299,Maria Cecília da Cunha,freitaslucas@example.org,Pires da Mata,PE,Premium,2024-08-31
300,Ayla Santos,abreupaulo@example.com,Cardoso,BA,Atacado,2026-03-13
301,Valentim Rodrigues,aalbuquerque@example.net,Campos das Pedras,DF,Varejo,2024-03-26
302,Ana Sophia da Conceição,uborges@example.org,Dias,MG,Premium,2025-03-26
303,Davi Miguel Garcia,joao-pedroazevedo@example.net,Pimenta,RJ,Varejo,2026-06-08
304,Pedro Lucas Ferreira,kevinjesus@example.net,Cunha de Borges,PR,Corporativo,2024-02-06
305,Davi Pastor,bferreira@example.com,da Cruz,SC,Atacado,2024-11-06
306,Antonella da Cruz,benjamim43@example.net,Souza,RJ,Atacado,2025-05-03
307,Benjamim Viana,mayagomes@example.org,Monteiro,RJ,Premium,2026-05-21
308,Ana Sophia Moura,fonsecaanna-liz@example.org,Nunes das Pedras,DF,Varejo,2025-03-23
309,Emanuella Teixeira,evargas@example.org,Albuquerque,DF,Varejo,2024-10-14
310,Asafe Araújo,smontenegro@example.net,Lima das Flores,BA,Corporativo,2024-01-09
311,Zoe Nascimento,agathabarros@example.com,Moraes,BA,Varejo,2024-07-14
312,Vitor Gabriel Duarte,opastor@example.net,das Neves,CE,Premium,2025-07-13
313,Srta. Ana Laura da Cruz,lopesigor@example.com,das Neves,SP,Corporativo,2026-07-03
314,Dra. Emanuella Campos,castromaysa@example.com,Cavalcante da Praia,PE,Varejo,2024-03-18
315,Sra. Bárbara Vargas,fariasliz@example.com,da Luz,SC,Premium,2026-02-14
316,Ana Vitória Monteiro,xmoraes@example.org,Nunes de Cavalcante,PE,Atacado,2025-03-27
317,José Miguel Vargas,oliveiraigor@example.org,Aparecida,SC,Atacado,2023-09-22
318,Augusto Melo,hadassa22@example.org,Câmara Alegre,CE,Premium,2024-09-22
319,Luiza da Mata,oliveiraesther@example.org,Cavalcanti,DF,Corporativo,2024-08-14
320,Ana Clara Guerra,martinsalexia@example.com,Borges da Prata,PE,Corporativo,2025-08-12
321,Léo Costa,ana-julia93@example.com,Pastor do Amparo,DF,Premium,2024-07-02
322,Dra. Isabelly Cassiano,jesusbenicio@example.org,Porto do Sul,BA,Atacado,2025-02-04
323,Marcos Vinicius Sousa,gustavo-henrique38@example.org,Mendonça do Norte,RJ,Premium,2024-04-11
324,Sra. Ayla Aparecida,raqueljesus@example.net,Marques de Minas,PE,Atacado,2026-02-21
325,Thiago Carvalho,lbarbosa@example.net,Lopes,PE,Corporativo,2026-06-28
326,Isaac da Rocha,ana-vitoria65@example.com,da Mata de da Conceição,BA,Varejo,2023-12-28
327,Davi Luiz Vasconcelos,cassianoheitor@example.org,Martins de Dias,PE,Premium,2025-05-26
328,Vitor Gabriel Fogaça,marceladas-neves@example.com,Campos de Minas,MG,Corporativo,2024-05-04
329,Liz Santos,cunhabeatriz@example.org,Silva,RS,Premium,2024-09-22
330,Dr. Théo Aragão,vicente20@example.com,Novais de Souza,PR,Premium,2026-01-04
331,Calebe Martins,vieirajoao-lucas@example.org,Araújo,PR,Premium,2024-08-13
332,Gael Henrique Guerra,enzo-gabriel99@example.com,Almeida,CE,Varejo,2023-12-12
333,Pedro Miguel Cardoso,fariasjoaquim@example.org,Aragão de Cavalcante,CE,Atacado,2026-02-10
334,Maria Laura Monteiro,garcialeticia@example.org,Cunha da Serra,RJ,Atacado,2024-11-03
335,Pietro Cassiano,pimentasamuel@example.net,Monteiro das Pedras,SC,Corporativo,2026-01-05
336,Ana Liz Borges,hadassa26@example.org,Pires,CE,Atacado,2025-12-25
337,Mateus Viana,maria-luiza87@example.com,Gomes Paulista,PE,Corporativo,2024-06-08
338,Liam Peixoto,bentovasconcelos@example.com,Melo,PE,Varejo,2025-12-03
339,Sr. Emanuel Brito,rodrigoda-mata@example.net,Teixeira,RJ,Premium,2024-08-08
340,Maria Julia Fogaça,luiz-gustavoda-costa@example.net,Sousa da Praia,RS,Corporativo,2026-03-09
341,Luiz Gustavo Nunes,marcos-viniciusmonteiro@example.net,Cavalcanti do Amparo,RS,Premium,2023-10-31
342,Benjamin da Conceição,asafemoura@example.com,Farias,DF,Premium,2026-04-14
343,Davi Lucca Fernandes,aylaaraujo@example.org,Pastor,PE,Premium,2024-04-10
344,Vinicius Fonseca,freitasisabela@example.net,Fernandes,SC,Premium,2024-12-14
345,Sr. Emanuel Siqueira,ovieira@example.com,Cavalcanti da Prata,BA,Corporativo,2026-04-13
346,Sr. Erick Garcia,ana-beatriz22@example.net,Sampaio,PR,Premium,2026-02-08
347,Ana Beatriz Cirino,pedro-miguel91@example.com,Farias,PR,Atacado,2024-01-01
348,Luiz Felipe Dias,felipesantos@example.net,Machado do Sul,RJ,Atacado,2024-10-18
349,Josué Sales,ferreiratheo@example.org,Aragão,BA,Varejo,2025-04-24
350,Mariah Cavalcante,ymonteiro@example.com,Brito do Amparo,CE,Atacado,2026-02-16
351,Heloisa Castro,zbarbosa@example.org,Almeida Alegre,RS,Atacado,2024-10-12
352,Brayan Fernandes,fernandacastro@example.net,Novaes,PE,Premium,2024-01-25
353,Dr. Arthur Lopes,luaracastro@example.org,Farias,DF,Premium,2024-07-18
354,Nicolas Sampaio,alexia43@example.org,Gonçalves,RJ,Atacado,2026-02-07
355,Rebeca Cassiano,fonsecaandre@example.com,da Rocha,PR,Atacado,2026-06-27
356,Pietra Costa,alvesnoah@example.org,Barros do Amparo,BA,Atacado,2024-02-29
357,Miguel Melo,qribeiro@example.org,Cirino da Praia,PR,Varejo,2025-04-17
358,Sr. Pietro Aparecida,lunna74@example.org,Nunes do Norte,CE,Atacado,2024-04-24
359,Dra. Aylla Barros,vitoria69@example.org,Gomes,PR,Varejo,2025-11-22
360,Zoe Rodrigues,poliveira@example.com,Barros das Flores,SP,Premium,2023-10-26
361,Stella Oliveira,isaquesa@example.com,Cavalcante,MG,Corporativo,2024-07-28
362,Davi Lucas Aparecida,rbarros@example.com,Pires,RJ,Varejo,2024-04-19
363,Joana Dias,borgeshellena@example.net,Novaes Alegre,DF,Premium,2024-11-05
364,Natália Albuquerque,acamargo@example.org,Nunes,PE,Corporativo,2026-03-04
365,Beatriz Caldeira,vianaallana@example.net,Jesus Paulista,PE,Premium,2025-04-20
366,Raquel Oliveira,landrade@example.com,Casa Grande das Flores,MG,Varejo,2023-11-02
367,Luísa Sales,carlos-eduardosouza@example.com,Freitas do Sul,PR,Corporativo,2025-02-08
368,Leonardo da Mota,rsampaio@example.org,Carvalho,RJ,Varejo,2024-12-12
369,Sra. Luna da Mata,ppereira@example.org,Macedo,SC,Corporativo,2024-07-27
370,Raquel Teixeira,daniel82@example.org,Santos do Galho,RJ,Varejo,2025-05-21
371,Vinicius Nunes,cavalcantimatheus@example.org,da Cruz,MG,Atacado,2023-10-24
372,Ana Julia Fonseca,yanfreitas@example.com,Porto do Campo,DF,Premium,2026-07-27
373,Isaque Freitas,cpeixoto@example.org,Pastor de Novaes,RJ,Atacado,2025-02-27
374,Sr. José Pedro Souza,da-pazbenjamin@example.com,Castro,RJ,Corporativo,2026-02-07
375,Henry Ramos,noahda-mata@example.net,Moraes do Sul,DF,Atacado,2026-07-28
376,Renan Cardoso,antonycamara@example.com,Silva Paulista,CE,Corporativo,2025-06-22
377,Marcela Marques,pedro-henrique74@example.net,Pacheco do Campo,PE,Corporativo,2023-09-14
378,Maria Fernanda Novais,ana-cecilia17@example.org,da Mota Alegre,PR,Corporativo,2024-11-06
379,Kaique Correia,pietrateixeira@example.org,Peixoto,PR,Varejo,2025-05-22
380,Luiza Rodrigues,benjamimrezende@example.com,da Luz das Pedras,DF,Varejo,2025-05-23
381,Ana Carolina Pacheco,carolinesilveira@example.net,Rodrigues,RS,Atacado,2025-12-11
382,Olívia Rios,natalia42@example.net,da Rocha,PR,Varejo,2024-02-01
383,Carolina Sousa,luiz-otavio51@example.org,Câmara da Mata,MG,Atacado,2025-06-17
384,Dr. José Pedro Pacheco,maria-fernanda17@example.org,Melo,MG,Varejo,2024-07-01
385,Bárbara Rodrigues,tmoura@example.com,Cassiano,MG,Varejo,2024-04-03
386,Luigi Jesus,ucasa-grande@example.net,Vasconcelos,SC,Corporativo,2024-01-06
387,Lívia Pires,ana-sophiaporto@example.org,Machado,DF,Corporativo,2024-10-31
388,Enzo Gabriel Oliveira,marianaviana@example.org,Pimenta,PR,Varejo,2025-07-07
389,Mariane Guerra,ymendes@example.org,Nascimento,RS,Premium,2024-07-08
390,Sra. Alice Duarte,arthur-miguelrocha@example.org,Câmara,PR,Corporativo,2025-02-18
391,Davi Lucca Caldeira,lmontenegro@example.com,Azevedo,RJ,Atacado,2023-11-13
392,João Vitor Marques,luara25@example.com,Sá do Oeste,PR,Atacado,2024-05-16
393,Allana da Conceição,joaocunha@example.net,Pastor,SC,Varejo,2025-10-25
394,Davi Fonseca,garciathomas@example.net,Peixoto,CE,Atacado,2023-11-16
395,Bianca Rezende,aragaoigor@example.com,Garcia de Campos,MG,Premium,2025-12-31
396,Renan Sampaio,noahsales@example.net,da Rosa,MG,Varejo,2025-06-17
397,Beatriz Ribeiro,joao-guilherme61@example.net,da Paz,SP,Atacado,2024-02-27
398,Theo Costa,viniciusmoreira@example.org,Santos das Pedras,PR,Premium,2024-12-04
399,Asafe Novaes,scostela@example.com,da Costa do Sul,PE,Varejo,2023-09-22
400,Aurora Camargo,fcassiano@example.net,Silveira,PE,Premium,2024-02-07
401,Igor Marques,vinicius70@example.org,Aparecida,SC,Premium,2024-11-27
402,Dr. Paulo Sousa,britocaleb@example.org,Ribeiro,CE,Corporativo,2026-06-04
403,Lucas Fogaça,rpinto@example.net,Freitas,PE,Varejo,2025-02-16
404,Danilo Guerra,rmarques@example.com,Leão de Rezende,DF,Varejo,2024-05-19
405,Davi Lucca Sampaio,castrogustavo-henrique@example.com,Nunes de Rocha,SC,Premium,2025-07-14
406,Mateus Vasconcelos,benjamin27@example.com,Jesus,DF,Premium,2025-07-18
407,Benício da Luz,apollo89@example.net,Rios,SP,Varejo,2025-02-09
408,Stephany Sales,lopestheo@example.com,Ribeiro das Flores,RS,Varejo,2024-04-20
409,Ana Júlia Albuquerque,mirellamelo@example.com,Barbosa,PR,Varejo,2025-10-05
410,Sr. Lucas da Mota,montenegropietro@example.net,Guerra de Goiás,MG,Corporativo,2024-01-03
411,Melina Oliveira,fborges@example.com,Campos do Amparo,CE,Corporativo,2026-06-13
412,Cauã Guerra,jandrade@example.net,Borges,PR,Atacado,2026-03-29
413,Liz Moraes,maria-alicefernandes@example.com,Câmara,DF,Corporativo,2025-08-08
414,Dr. Luiz Otávio Silva,gcamargo@example.net,Abreu,PE,Varejo,2025-02-14
415,Dr. Yan Moreira,heitor02@example.com,Silva,PE,Premium,2025-05-30
416,José Miguel Pimenta,marcos-viniciuscampos@example.com,Marques,SC,Premium,2024-06-25
417,Sra. Bianca Sá,oaparecida@example.net,Vargas,BA,Varejo,2025-08-02
418,Sofia Carvalho,habreu@example.net,Novaes,MG,Premium,2025-07-06
419,Rafaela Moraes,luiz-felipesiqueira@example.org,Gomes,SC,Corporativo,2026-06-20
420,Luna Montenegro,mleao@example.net,da Mota,PR,Corporativo,2025-05-13
421,Dr. Rael Carvalho,juliapereira@example.net,Sampaio da Prata,CE,Varejo,2025-01-02
422,Dra. Helena Costa,amandarodrigues@example.com,Santos,PE,Varejo,2026-06-08
423,Theodoro Nogueira,igor58@example.com,Rocha da Prata,BA,Premium,2024-11-20
424,Alice Moreira,alvesgiovanna@example.org,Rios,BA,Varejo,2023-11-29
425,João Felipe Sá,allanarodrigues@example.com,Araújo,SC,Varejo,2024-12-04
426,Vitor Hugo Andrade,marcela19@example.net,Souza,CE,Corporativo,2026-06-04
427,Maria Julia da Costa,calebe66@example.com,Novaes do Norte,SC,Varejo,2023-09-23
428,Sra. Gabriela Pinto,ocamara@example.net,Sá Verde,RS,Premium,2025-12-30
429,Dra. Fernanda Vasconcelos,ana-beatrizmachado@example.org,Cirino,DF,Corporativo,2024-05-29
430,Dra. Bárbara Garcia,limaagatha@example.net,Cardoso da Serra,PE,Varejo,2026-02-26
431,André Farias,jsantos@example.org,Duarte,RS,Premium,2026-03-18
432,Kevin Mendonça,diogo58@example.org,Moreira,CE,Atacado,2023-12-17
433,Eduarda Leão,biancafarias@example.com,Cunha do Galho,PR,Corporativo,2025-09-09
434,Alexia Camargo,maite39@example.net,Aparecida,PE,Varejo,2026-07-29
435,Dr. Danilo Gomes,valentina40@example.net,Moraes do Galho,SP,Atacado,2025-07-26
436,Ana Clara da Rocha,auroramoraes@example.org,Cavalcante,MG,Premium,2025-12-16
437,Alana Pires,costelapaulo@example.net,Caldeira do Oeste,CE,Varejo,2025-12-16
438,Dra. Maya Ramos,souzaleandro@example.org,Silva de Farias,CE,Corporativo,2023-10-31
439,Brayan Aragão,theodoronovais@example.org,da Luz,RJ,Atacado,2025-05-28
440,Milena Pires,ulopes@example.org,Rocha do Campo,RJ,Corporativo,2025-12-11
441,Benício Sá,sampaiodiogo@example.com,da Rocha,RJ,Atacado,2026-08-03
442,Caio da Paz,zgarcia@example.net,Melo,PE,Premium,2024-05-02
443,Hellena Carvalho,zvieira@example.net,Porto Grande,CE,Premium,2024-12-09
444,Maria Fernanda Albuquerque,josueaparecida@example.org,Nascimento da Prata,SC,Corporativo,2024-01-13
445,Gustavo Henrique Souza,otavio68@example.org,Cirino,PE,Atacado,2024-08-10
446,Isis Correia,cirinocaue@example.net,Ramos de Novaes,PE,Atacado,2023-12-25
447,Bernardo da Cunha,costamariah@example.com,Cardoso de Goiás,SC,Atacado,2024-02-05
448,Bernardo Correia,maria-vitoria75@example.net,Sales Verde,DF,Atacado,2024-04-26
449,Maria Clara Dias,acavalcante@example.com,Viana,RJ,Premium,2024-08-12
450,Dra. Maya da Mota,joao-felipe57@example.com,Fogaça de Vasconcelos,SC,Premium,2024-12-20
451,Bianca Cavalcanti,da-motajoao-lucas@example.net,da Luz,CE,Premium,2026-05-03
452,Breno Almeida,pachecojade@example.net,Andrade,SP,Premium,2026-01-06
453,Yago Nogueira,xrezende@example.org,Gonçalves de Goiás,PR,Corporativo,2026-03-06
454,Sra. Catarina Martins,goncalvesemanuella@example.net,Ribeiro,MG,Corporativo,2024-09-08
455,Eloah Sá,maitecastro@example.org,Sousa,CE,Corporativo,2025-09-23
456,Sr. Henry Teixeira,eda-conceicao@example.com,da Conceição do Norte,BA,Premium,2026-07-07
457,Valentim Vieira,hellena77@example.org,Rezende,CE,Corporativo,2025-01-18
458,Vicente Porto,vinicius98@example.net,Garcia,PE,Premium,2026-06-14
459,Maria Clara Pastor,moreiratheodoro@example.com,Moreira,RS,Atacado,2025-05-25
460,Dr. Ryan Vieira,apereira@example.net,Macedo,DF,Corporativo,2024-05-17
461,Breno Moraes,otavio22@example.org,Pereira do Campo,RS,Corporativo,2026-06-25
462,Oliver Farias,mendesmaria-luiza@example.com,Pastor,SP,Premium,2024-05-10
463,Maria Sophia Almeida,caiocardoso@example.net,Carvalho,PE,Corporativo,2026-05-07
464,Ana Cecília Oliveira,danielcavalcante@example.com,Moreira,SC,Atacado,2025-05-24
465,Allana Silveira,enzo-gabriel37@example.net,Mendes de Cavalcante,PE,Varejo,2024-08-08
466,Cecília Vieira,ninada-luz@example.org,Marques Verde,MG,Premium,2023-12-18
467,Marcos Vinicius Gomes,henriquealmeida@example.org,Cassiano do Campo,RJ,Corporativo,2024-06-04
468,Ana Carolina Viana,borgesmaria-luisa@example.net,Pereira,RJ,Corporativo,2025-12-18
469,Pedro Moreira,cfreitas@example.net,da Conceição do Amparo,SP,Atacado,2025-04-17
470,Sr. Otávio Carvalho,maria-liz31@example.com,da Cunha do Oeste,SC,Atacado,2023-09-11
471,Dra. Alana Oliveira,moreiraanthony-gabriel@example.com,Sales,RJ,Corporativo,2025-01-05
472,Maria Cecília Caldeira,leticiarezende@example.net,da Luz da Prata,PR,Premium,2025-06-21
473,Maria Clara Pimenta,isabella36@example.net,Cavalcanti de Freitas,DF,Corporativo,2026-01-18
474,Rafaela da Cunha,catarina62@example.net,Souza,RJ,Premium,2024-08-24
475,Elisa Brito,nicoleguerra@example.com,Castro,CE,Corporativo,2025-04-29
476,Alana Borges,maria-juliapeixoto@example.com,Azevedo,BA,Corporativo,2024-10-15
477,Léo Barros,silveirahadassa@example.com,Silva do Norte,CE,Varejo,2024-06-01
478,Sabrina Macedo,costarafaela@example.com,Andrade,DF,Varejo,2026-03-22
479,Stella Sampaio,luccarocha@example.org,da Costa do Sul,RS,Premium,2024-05-04
480,João Guilherme Vasconcelos,qfogaca@example.com,Pastor do Oeste,RS,Varejo,2025-11-15
481,Bernardo Borges,cecilia54@example.org,Marques,SC,Varejo,2025-05-22
482,Alana da Luz,joanamontenegro@example.org,Montenegro,RJ,Corporativo,2024-12-03
483,Sr. Théo da Cunha,luisa69@example.com,Sá,MG,Premium,2025-02-11
484,Natália Pastor,mendesigor@example.com,Garcia,SP,Varejo,2026-05-14
485,Ian Dias,hfogaca@example.net,Sampaio,BA,Varejo,2024-10-16
486,João Pedro Borges,vrocha@example.com,Novaes,PR,Premium,2024-06-06
487,Luara Fogaça,vitor-gabrielcirino@example.net,Monteiro,BA,Corporativo,2024-07-09
488,Isaque da Luz,raulcosta@example.org,Cassiano do Campo,MG,Atacado,2024-03-07
489,Thales Pimenta,teixeiravitoria@example.org,Freitas de Pinto,CE,Corporativo,2025-01-04
490,Kamilly Mendonça,ninada-mota@example.com,Sá,DF,Atacado,2026-02-14
491,Benjamim Moura,imendes@example.org,Gonçalves da Serra,MG,Atacado,2025-08-13
492,Valentim Marques,antony03@example.com,Duarte,RJ,Corporativo,2025-03-17
493,Joana Cirino,renan47@example.net,Fonseca da Serra,DF,Atacado,2025-10-16
494,Giovanna Leão,emanuella64@example.com,Oliveira,PE,Atacado,2024-03-24
495,Heloísa Brito,ravy86@example.com,Casa Grande,RS,Corporativo,2024-04-22
496,Alexia Cavalcanti,imonteiro@example.net,Viana do Amparo,PR,Corporativo,2024-12-12
497,Benicio Gonçalves,salesluan@example.org,da Cunha,PR,Varejo,2025-09-12
498,Aylla Machado,vicente55@example.net,Ferreira do Sul,PE,Premium,2025-06-03
499,Luiz Fernando Rocha,stephanycavalcanti@example.com,Duarte do Galho,CE,Atacado,2025-09-29
500,Sra. Anna Liz Garcia,maria-fernanda22@example.net,Leão Verde,RJ,Corporativo,2025-05-23
501,Bruno Castro,rafael55@example.net,Santos Paulista,BA,Premium,2026-03-31
502,Maria Laura da Mata,xvasconcelos@example.net,Jesus de Cavalcante,SC,Premium,2024-06-14
503,Davi Lucas Siqueira,theodorosouza@example.net,Costela,PE,Premium,2024-05-19
504,Bella Brito,meloagatha@example.org,Vargas,RS,Corporativo,2025-05-11
505,Antonella Caldeira,leonardo16@example.com,da Cruz,PE,Varejo,2024-11-17
506,Carolina Cardoso,benjaminandrade@example.net,Duarte do Amparo,RS,Corporativo,2025-08-28
507,Júlia Novaes,scarvalho@example.net,Pastor,DF,Premium,2026-03-19
508,Maya Moura,cecilia78@example.org,Macedo,DF,Premium,2024-12-24
509,Dr. José Pedro Cassiano,antonio08@example.org,da Paz do Amparo,PR,Varejo,2025-12-12
510,Samuel Sá,ada-rosa@example.com,Peixoto de Goiás,SC,Premium,2023-09-14
511,Maria Fernanda Correia,bnovais@example.com,Castro,SP,Varejo,2026-06-02
512,Maria Flor Câmara,emanuel63@example.net,da Paz da Prata,DF,Corporativo,2024-10-24
513,Esther Azevedo,joao-gabrielda-rocha@example.org,Pinto de Machado,PR,Atacado,2024-10-29
514,Dra. Rebeca Correia,arthur-miguel20@example.net,Cirino,DF,Premium,2024-02-08
515,João Felipe Cardoso,asiqueira@example.org,Cassiano,RS,Atacado,2023-09-25
516,Helena Fernandes,ydas-neves@example.com,Martins do Norte,DF,Premium,2025-01-28
517,Diogo Araújo,heloisa18@example.com,Correia,MG,Varejo,2024-09-25
518,Alice Campos,helenavargas@example.com,Sousa,SP,Premium,2023-10-25
519,Raul Sousa,moreiraoliver@example.com,Rodrigues da Mata,PE,Varejo,2025-01-16
520,Asafe Souza,da-cunhamaria-luisa@example.net,Costa da Praia,DF,Premium,2023-11-22
521,Helena Camargo,luaraduarte@example.org,Vieira,MG,Varejo,2024-11-04
522,Bárbara Gonçalves,antonyaparecida@example.net,Sales de Peixoto,PR,Premium,2024-04-30
523,Sr. Josué Castro,rborges@example.net,Teixeira do Norte,SC,Atacado,2023-12-04
524,Sr. Vitor Gabriel Vieira,cardosomariah@example.org,Novais da Praia,RS,Atacado,2025-07-15
525,Srta. Alícia Sales,ufogaca@example.org,Aparecida do Amparo,CE,Premium,2025-07-13
526,Laís Nogueira,kcorreia@example.org,Duarte dos Dourados,CE,Premium,2024-11-03
527,Elisa Azevedo,manuellada-rocha@example.com,Marques do Sul,MG,Premium,2026-05-21
528,Maria Helena Siqueira,arthur-miguelpinto@example.com,Duarte,PE,Premium,2023-12-10
529,Zoe Gomes,sabrinarodrigues@example.com,Pimenta,BA,Varejo,2024-11-15
530,Dr. Lorenzo Camargo,moreiradavi-luiz@example.org,Cavalcanti,PE,Varejo,2023-10-21
531,Cauê Mendonça,gael-henriqueandrade@example.net,Ribeiro do Amparo,MG,Atacado,2025-11-27
532,Jade Aragão,pedro-miguel91@example.org,Rezende,SC,Premium,2025-10-05
533,Ravi Lucca Porto,fonsecakamilly@example.com,Pimenta,RJ,Corporativo,2024-10-19
534,Ana Cecília Siqueira,da-rosaeduardo@example.org,Brito,SP,Premium,2024-08-26
535,Maria Isis Correia,sararibeiro@example.org,Novais,CE,Varejo,2026-01-17
536,Bianca Vargas,maria-cecilia61@example.org,Novaes,PE,Premium,2025-05-18
537,Maitê Ribeiro,sophiepeixoto@example.com,Dias da Prata,PR,Corporativo,2025-01-19
538,Dr. Pedro Silveira,rodrigo98@example.org,Vargas da Prata,BA,Varejo,2024-10-01
539,Dr. Pietro Gonçalves,silveirabernardo@example.com,Moreira,RS,Corporativo,2024-03-30
540,André da Rosa,paulodias@example.org,Novaes do Galho,SP,Premium,2026-01-14
541,Daniela Brito,marqueseduarda@example.org,da Luz,DF,Atacado,2025-03-26
542,Isadora da Conceição,ana-clara19@example.com,Siqueira,RJ,Corporativo,2023-12-31
543,Sra. Rafaela Cavalcanti,ssales@example.net,Peixoto,PR,Corporativo,2026-05-27
544,Arthur Miguel Siqueira,xbarros@example.org,Ferreira das Pedras,RJ,Atacado,2025-06-11
545,Ian Souza,portogiovanna@example.org,Moura do Norte,SP,Varejo,2025-01-11
546,Clarice Duarte,leandroaragao@example.net,Machado Verde,PR,Corporativo,2025-10-26
547,Henry Lopes,isabel22@example.com,Melo,RJ,Varejo,2026-02-06
548,Srta. Maria Liz da Luz,guerramelissa@example.com,Teixeira,RS,Atacado,2024-03-30
549,Fernanda Mendonça,krezende@example.org,da Cruz,SC,Corporativo,2023-12-23
550,Pedro Duarte,camargojulia@example.com,Ferreira do Oeste,BA,Corporativo,2025-01-13
551,Sr. Leandro Cavalcante,luisa92@example.com,da Conceição,DF,Atacado,2024-07-09
552,Maria Fernanda Cassiano,camargocaue@example.org,da Paz,SC,Varejo,2023-09-24
553,Sr. Leandro Machado,valmeida@example.org,Costela,PE,Corporativo,2025-12-29
554,Joana Novaes,upinto@example.org,Garcia,PR,Varejo,2026-02-24
555,Valentina Aparecida,luigi04@example.org,Aragão dos Dourados,BA,Atacado,2026-06-16
556,Bernardo Gomes,eloah10@example.com,da Conceição das Flores,PE,Corporativo,2025-10-31
557,Srta. Luara Mendonça,cirinomiguel@example.net,Novais de Silva,RS,Premium,2023-10-06
558,Josué Moura,brenda76@example.net,Almeida,RJ,Premium,2025-02-22
559,Maria Fogaça,ravy84@example.org,Gomes do Sul,CE,Premium,2026-01-12
560,Henry Gabriel Cassiano,isabel21@example.net,Moreira de Goiás,SP,Corporativo,2025-06-12
561,Eduardo Lima,bella78@example.org,Rezende,PR,Atacado,2024-04-05
562,Ágatha Rodrigues,joao-guilhermedas-neves@example.net,Lopes,RJ,Corporativo,2024-04-15
563,Eduarda Dias,novaissophia@example.net,Cirino,RJ,Atacado,2025-01-08
564,Arthur Teixeira,julia64@example.com,Cassiano do Oeste,DF,Varejo,2024-02-15
565,Francisco Alves,ravi93@example.org,Fogaça,SP,Premium,2024-01-04
566,Sra. Catarina Montenegro,psilva@example.com,Gomes,RS,Atacado,2025-10-05
567,Cecilia Castro,raelandrade@example.com,da Mata,DF,Atacado,2025-06-05
568,Guilherme Sá,davi-luccacavalcanti@example.com,Sales de Duarte,RJ,Atacado,2025-08-13
569,Paulo Guerra,pereiragabrielly@example.net,Gonçalves Verde,DF,Atacado,2026-03-13
570,Valentina Ramos,moreirahenrique@example.com,Aparecida de da Cruz,RS,Premium,2025-11-16
571,Maria Laura Sousa,novaishellena@example.net,Correia,MG,Varejo,2024-11-28
572,Maria Laura da Rosa,maria-eduarda26@example.com,Sales,PR,Atacado,2025-11-14
573,Ravi Ramos,uborges@example.net,Cirino,MG,Premium,2026-02-28
574,Dra. Catarina Gonçalves,cduarte@example.org,Marques,MG,Varejo,2026-03-08
575,Srta. Mirella Borges,ayla21@example.org,Santos,SP,Atacado,2025-08-01
576,Maria Cecília Barros,ysiqueira@example.net,Garcia,SP,Premium,2026-01-04
577,Ana Clara Vargas,brunanunes@example.net,Castro,RS,Premium,2024-04-14
578,Benjamim Leão,ana-luiza74@example.net,Campos,SP,Atacado,2024-03-25
579,Alexandre Pinto,apollo77@example.com,Pereira,PR,Varejo,2025-10-08
580,Henrique Pastor,amarques@example.com,Peixoto,MG,Corporativo,2026-03-23
581,Joaquim Novaes,oliver02@example.org,Rezende,CE,Varejo,2025-02-26
582,Diogo Andrade,bianca10@example.org,Cavalcanti da Serra,RJ,Corporativo,2026-07-13
583,Felipe Marques,brayan14@example.com,Garcia de Minas,PE,Premium,2025-06-27
584,Ana Luiza da Rocha,hcarvalho@example.net,Farias do Galho,CE,Varejo,2025-06-06
585,Giovanna Sampaio,danilocaldeira@example.net,Mendes,PE,Atacado,2026-03-30
586,Sra. Mariane Pereira,valentim89@example.net,Cardoso Verde,DF,Varejo,2025-10-13
587,Sara Monteiro,ravi-luccasantos@example.com,Abreu,CE,Premium,2024-03-04
588,Ravi Lucca Pires,sousaoliver@example.net,Jesus do Norte,PE,Varejo,2025-02-02
589,Sr. Anthony Porto,alexiada-cunha@example.org,da Rosa do Galho,SP,Corporativo,2026-01-04
590,Sr. Danilo Rodrigues,carolina69@example.net,Cavalcanti,SC,Corporativo,2024-06-30
591,Dr. Rhavi Melo,ramosjoao-gabriel@example.com,Pires,RJ,Corporativo,2025-08-18
592,Lívia Martins,dsouza@example.net,Nunes Alegre,PE,Varejo,2026-01-12
593,Allana Costela,daniela12@example.com,Fernandes,RJ,Premium,2025-04-07
594,Yasmin Cavalcante,mcirino@example.org,Santos Alegre,DF,Atacado,2023-10-22
595,Noah Borges,xda-costa@example.com,Cunha do Galho,RJ,Atacado,2024-12-15
596,Daniel Freitas,vasconcelosnathan@example.org,Montenegro de Alves,PR,Premium,2025-09-21
597,Daniela Correia,maria-sophia84@example.com,Vargas,SC,Premium,2024-02-02
598,Caroline Costela,marqueshellena@example.net,Abreu,PE,Corporativo,2024-12-29
599,Caio Farias,gaparecida@example.net,Almeida Verde,RJ,Varejo,2024-12-30
600,Giovanna Duarte,matheusda-paz@example.com,Vargas dos Dourados,CE,Atacado,2026-07-11
601,João Gabriel Cassiano,yancamargo@example.org,Costela,SC,Corporativo,2025-12-23
602,Dr. João Gabriel Casa Grande,samuel21@example.com,Nogueira dos Dourados,RS,Corporativo,2023-11-20
603,Arthur Melo,caldeirahadassa@example.org,Lima,BA,Corporativo,2025-05-03
604,Pietro Pimenta,ana-livia53@example.net,Sá,SC,Corporativo,2025-08-26
605,Caroline Borges,dbrito@example.com,Melo de da Conceição,RJ,Premium,2024-08-15
606,José Pedro Fonseca,scirino@example.net,Viana Alegre,SC,Premium,2025-08-07
607,Ana Azevedo,wcamargo@example.com,Cavalcante de da Paz,PR,Premium,2025-02-25
608,Carolina Moraes,guerraheitor@example.com,Vieira,MG,Corporativo,2024-12-15
609,Nicole Guerra,nda-costa@example.org,Mendes,RJ,Varejo,2025-04-21
610,Luigi Costela,bviana@example.net,Nogueira de Goiás,RJ,Varejo,2024-05-28
611,Ana Vitória Sousa,lcamargo@example.net,Duarte de Novais,SC,Varejo,2024-02-01
612,Emanuelly das Neves,mazevedo@example.org,Duarte do Amparo,BA,Atacado,2026-05-31
613,Ana Liz Borges,joao-lucaspacheco@example.net,Sá,CE,Varejo,2024-04-17
614,Clarice Machado,heloisa99@example.com,Costela,DF,Premium,2026-07-27
615,Dr. Kevin Lopes,felipe90@example.net,Cardoso da Mata,RJ,Corporativo,2023-12-08
616,Sr. Alexandre Santos,henry40@example.org,Sampaio Verde,BA,Corporativo,2025-05-07
617,Luiza Silva,yguerra@example.com,Ribeiro,SP,Premium,2024-05-29
618,Cecilia Correia,afonseca@example.org,Rios Grande,DF,Premium,2024-03-29
619,Brayan Ramos,casa-grandemariah@example.net,Carvalho de Minas,BA,Varejo,2024-04-03
620,Maria Vitória Marques,lpinto@example.com,Novaes dos Dourados,DF,Atacado,2025-04-22
621,Sr. Francisco Lima,oliveiramelina@example.net,Silva,MG,Corporativo,2025-10-21
622,Noah Nogueira,bernardo09@example.com,Camargo Verde,RS,Varejo,2025-09-20
623,Srta. Cecília Siqueira,maria-flor81@example.net,da Cruz,BA,Premium,2025-09-05
624,Ana Vitória Rodrigues,caue58@example.org,Marques de Moraes,RJ,Premium,2025-08-31
625,Luísa Leão,ana-beatriz42@example.org,Siqueira Verde,DF,Atacado,2024-10-11
626,Renan Pacheco,cauaribeiro@example.com,da Paz,SC,Varejo,2025-09-25
627,Davi Lucas Montenegro,vianaagatha@example.com,Pimenta,DF,Premium,2024-11-12
628,José Miguel Albuquerque,pereiraluiz-fernando@example.net,Ribeiro,SP,Atacado,2025-07-27
629,Sr. José Pedro Viana,maria-vitoriacirino@example.net,Fernandes,PR,Premium,2024-01-12
630,Eduardo Monteiro,yvargas@example.org,Silveira de Porto,BA,Premium,2024-05-19
631,Luiz Felipe Aragão,igor02@example.com,Melo da Mata,SP,Atacado,2025-09-11
632,Dra. Isabel Garcia,qmelo@example.org,Albuquerque da Mata,MG,Corporativo,2025-07-31
633,Luara Moura,britosophia@example.net,Lopes Paulista,RJ,Atacado,2025-02-04
634,João Felipe Brito,heloisa73@example.net,Moreira,SP,Varejo,2025-02-08
635,Emilly Dias,rochaantony@example.org,Jesus,CE,Atacado,2024-02-01
636,Bella Rodrigues,oferreira@example.net,da Cunha do Oeste,SC,Corporativo,2023-10-25
637,Caleb Araújo,joaquimsantos@example.org,Pereira,PE,Premium,2024-03-22
638,Ester Camargo,thiagoda-rocha@example.com,Porto,MG,Premium,2025-08-07
639,Paulo Sales,theo21@example.com,Garcia,PR,Premium,2025-04-28
640,Sr. José Pedro da Luz,lunnaazevedo@example.com,Pimenta,DF,Varejo,2025-05-04
641,Samuel Caldeira,valentinavargas@example.com,Pimenta,SP,Atacado,2026-05-29
642,Pedro Miguel Silva,gustavo01@example.org,Vasconcelos dos Dourados,MG,Varejo,2023-10-02
643,Clarice Rezende,andradeheloisa@example.com,Sampaio,RJ,Premium,2025-01-27
644,Agatha Moraes,bmendes@example.com,Nogueira,PE,Corporativo,2024-08-18
645,Matheus Sales,kcampos@example.net,Farias da Mata,PE,Corporativo,2025-05-17
646,Caleb Fonseca,enrico74@example.net,Cavalcanti,SC,Premium,2026-01-11
647,Matheus Ribeiro,ana-clarasampaio@example.com,Pires,RS,Varejo,2025-03-14
648,Antonella Pires,msousa@example.org,Correia,BA,Corporativo,2023-10-12
649,Dra. Isabella Mendonça,yazevedo@example.net,Monteiro da Prata,RJ,Premium,2025-07-31
650,Arthur Miguel Fernandes,fernandesbryan@example.com,Cunha,DF,Corporativo,2026-06-14
651,Stephany Marques,ravi-luccabarbosa@example.org,Mendonça,CE,Premium,2026-06-14
652,Ravy Pinto,da-cruzjose-pedro@example.org,Pires,SP,Atacado,2023-11-19
653,Calebe Marques,davi-lucascaldeira@example.org,Peixoto de Pimenta,SC,Varejo,2024-08-10
654,Guilherme Lima,isadora51@example.net,Duarte,SP,Atacado,2024-07-30
655,Erick Farias,camposyan@example.org,Cavalcante da Praia,PR,Atacado,2026-01-09
656,Pedro Lucas da Cruz,carvalhoguilherme@example.net,Vasconcelos da Serra,MG,Premium,2023-09-27
657,Anna Liz Abreu,cavalcantifelipe@example.net,Leão do Amparo,PR,Premium,2024-03-18
658,Diego Porto,rebeca76@example.org,Pimenta,RJ,Varejo,2023-10-31
659,Emilly Silva,fpimenta@example.net,Ferreira das Pedras,PE,Corporativo,2023-09-10
660,Isabela Correia,mouragabriel@example.net,Teixeira da Prata,MG,Atacado,2025-10-30
661,Ravi Vargas,yuriaragao@example.org,Vieira,SC,Atacado,2024-04-21
662,Olívia Monteiro,liamrios@example.org,Ramos,CE,Premium,2025-03-21
663,Gustavo Henrique Lopes,bruna97@example.org,Sousa,RJ,Corporativo,2023-11-23
664,Emanuelly Castro,mendoncaolivia@example.org,da Costa,SP,Corporativo,2025-07-25
665,Lunna Leão,ayllada-conceicao@example.org,da Conceição do Campo,SP,Corporativo,2024-09-05
666,Sra. Gabriela Garcia,diogomelo@example.net,Aragão de Lopes,RJ,Premium,2024-04-15
667,Rafael Cavalcanti,ifreitas@example.com,Pires,DF,Corporativo,2025-03-13
668,Guilherme Farias,beniciosales@example.net,da Mota,DF,Corporativo,2024-04-02
669,Ravi Lucca Marques,wcavalcante@example.com,da Rocha,SC,Premium,2026-03-28
670,Enzo Gabriel Oliveira,erickjesus@example.net,Cunha de Pastor,RJ,Corporativo,2025-09-07
671,Lara Albuquerque,psousa@example.org,Lopes Verde,SP,Premium,2024-08-13
672,Clarice Oliveira,leaocaio@example.org,Siqueira de Vargas,MG,Corporativo,2025-10-25
673,Otávio Moura,zmendes@example.net,Machado,BA,Varejo,2025-10-11
674,Bryan Novais,salesjoana@example.org,Fogaça,SC,Varejo,2024-12-05
675,Caleb Almeida,trios@example.org,Oliveira de Souza,RS,Corporativo,2026-02-25
676,Rafael Martins,jadecirino@example.com,Santos de Porto,DF,Corporativo,2023-09-05
677,Ana Sophia Gomes,sofia04@example.com,Sampaio da Prata,CE,Varejo,2026-02-12
678,Bruno Pinto,daniel85@example.org,Gomes,SC,Premium,2025-03-23
679,Ana Cecília Fonseca,luiz-fernando81@example.net,Carvalho,BA,Atacado,2025-02-04
680,Vitor Hugo Camargo,wsousa@example.net,Sá,BA,Atacado,2024-08-18
681,Dr. João Felipe Montenegro,dda-mota@example.org,Ferreira dos Dourados,RJ,Varejo,2025-09-27
682,Valentina Campos,isantos@example.net,Machado da Praia,CE,Atacado,2026-07-14
683,Srta. Esther Marques,barrosheloisa@example.org,Barbosa do Campo,BA,Premium,2024-05-15
684,Daniel Sampaio,maysacassiano@example.org,da Rocha,MG,Atacado,2025-06-11
685,Ágatha Cardoso,aferreira@example.com,da Rocha,RJ,Atacado,2024-06-22
686,Antônio da Conceição,juliana95@example.net,Mendonça Verde,PR,Atacado,2026-07-03
687,Dra. Melina Marques,joao42@example.com,Mendes,MG,Atacado,2025-04-02
688,Benicio Casa Grande,alice72@example.net,Silva,RJ,Atacado,2025-12-12
689,Fernando Cavalcanti,lorenzoda-costa@example.org,Dias,PE,Corporativo,2026-02-11
690,Pedro Lucas da Luz,leo38@example.net,Rios,DF,Corporativo,2025-01-07
691,Sr. Marcelo Machado,sophieda-rosa@example.org,Guerra,DF,Premium,2025-10-17
692,Raul Dias,anthonysousa@example.net,Ramos da Mata,BA,Atacado,2025-09-08
693,Diogo Nunes,sfernandes@example.org,Aparecida de Carvalho,PE,Varejo,2026-07-22
694,Bruna das Neves,guerrapedro-lucas@example.com,Borges Alegre,PE,Corporativo,2023-11-27
695,Evelyn Pacheco,agathacosta@example.org,Nascimento,PR,Premium,2025-07-25
696,Aurora Moraes,fcorreia@example.com,Rios,DF,Varejo,2025-03-16
697,Clara Silva,yfreitas@example.com,da Paz,BA,Varejo,2025-02-19
698,Dr. Pietro Novais,cunhalivia@example.net,Macedo da Mata,PR,Corporativo,2024-05-14
699,Sra. Maria Vitória Carvalho,casa-grandeoliver@example.com,Moura de Farias,PE,Varejo,2023-12-14
700,Maria Flor Borges,jesusyago@example.com,Novais,SP,Premium,2025-08-20
701,Dra. Cecilia Costa,giovannada-rocha@example.net,Aparecida de da Rosa,PR,Varejo,2026-02-28
702,Thales Novais,bcamara@example.org,da Luz,RJ,Corporativo,2024-12-12
703,Olivia Campos,lara27@example.net,Alves,PE,Varejo,2024-03-06
704,Thales Azevedo,maria-luisa96@example.com,Sales de Campos,PE,Atacado,2025-04-04
705,Allana da Luz,danilocasa-grande@example.com,Sales de Carvalho,BA,Corporativo,2025-03-11
706,Benjamim da Mata,larissa50@example.com,Moura de Minas,CE,Atacado,2025-11-09
707,Fernando Teixeira,peixotolucas-gabriel@example.net,Dias da Mata,SP,Corporativo,2024-10-28
708,Maria Cecília Brito,joao-pedro02@example.net,Freitas do Amparo,RJ,Premium,2025-06-04
709,Sr. Cauã Cunha,milenacamara@example.org,Leão,RJ,Atacado,2025-08-18
710,Danilo Cardoso,mendescecilia@example.com,Carvalho dos Dourados,SP,Atacado,2026-03-19
711,Manuela Cavalcanti,benjamin13@example.org,Sales,PE,Corporativo,2024-08-19
712,Davi Lucas Costela,emanuellima@example.net,Barbosa,CE,Atacado,2023-10-02
713,Marina Aparecida,henriqueandrade@example.net,Melo,BA,Premium,2024-03-05
714,Augusto Azevedo,antonio11@example.net,Pastor,PR,Corporativo,2024-07-09
715,Luiz Fernando Alves,casa-grandeagatha@example.net,Fogaça da Serra,SC,Premium,2025-10-19
716,Dra. Isabella Montenegro,britoarthur@example.net,Silva,DF,Varejo,2024-06-26
717,Enzo Gabriel Sá,silveiragael-henrique@example.org,Fonseca de Sampaio,BA,Varejo,2026-03-06
718,Pedro Lucas Rocha,cirinodaniela@example.com,Cunha do Galho,BA,Varejo,2024-08-21
719,Brenda Teixeira,josue71@example.net,Monteiro,CE,Corporativo,2025-03-17
720,Sra. Ana Cecília Barros,marina16@example.com,Peixoto de Sousa,PR,Premium,2024-12-30
721,Melina Câmara,bda-rocha@example.org,Melo,DF,Atacado,2026-07-23
722,Sr. Anthony Gabriel Rocha,grocha@example.com,Moreira de Ribeiro,BA,Varejo,2026-07-19
723,Dante Casa Grande,sguerra@example.net,Sousa,DF,Atacado,2024-05-22
724,Luiz Otávio Costa,murilo96@example.org,Lima,BA,Premium,2025-10-17
725,João Gabriel Sá,efogaca@example.net,Mendonça do Galho,SC,Atacado,2024-11-09
726,Rafael Caldeira,da-cunhamariana@example.com,Pires,DF,Varejo,2024-03-30
727,Carlos Eduardo Sousa,azevedomelina@example.net,Cavalcanti,PR,Corporativo,2025-04-19
728,Lunna Cassiano,gael18@example.com,Costa de da Rocha,BA,Atacado,2026-06-27
729,Rebeca Montenegro,vitoria58@example.net,Teixeira,CE,Varejo,2023-10-22
730,Bárbara Gomes,ydias@example.com,Andrade de Andrade,SC,Premium,2024-06-03
731,Liz Santos,marianelopes@example.org,Silva das Flores,SP,Premium,2025-09-29
732,Samuel Ribeiro,jmelo@example.org,Gonçalves,PR,Atacado,2024-10-16
733,Maria Flor Pimenta,alice50@example.org,Cardoso,RS,Premium,2025-03-25
734,Sr. Luigi Garcia,limacatarina@example.com,Ferreira do Norte,PE,Atacado,2026-06-26
735,Josué da Costa,enzo-gabriel14@example.org,Cavalcante do Sul,RS,Atacado,2025-12-17
736,Sr. Raul Ribeiro,gnunes@example.com,Almeida do Amparo,MG,Varejo,2026-03-04
737,Liam Garcia,kduarte@example.org,Brito de Sales,PR,Varejo,2026-07-17
738,Lucca Monteiro,lucas-gabriel94@example.com,Costa do Amparo,CE,Varejo,2026-05-17
739,Vitor Gabriel Cunha,vinicius04@example.net,Câmara de Minas,BA,Atacado,2026-02-17
740,Lucca da Mata,nunessofia@example.com,Costela da Praia,DF,Corporativo,2023-12-31
741,Liz Montenegro,luana85@example.org,Guerra Paulista,MG,Atacado,2026-04-30
742,Mirella Rios,arthur-miguelpires@example.net,Oliveira,MG,Atacado,2025-10-17
743,Ravi Lucca da Mata,ununes@example.net,Moreira,PE,Varejo,2024-07-10
744,Dr. Diogo da Costa,ana-claralopes@example.com,Azevedo do Oeste,SC,Premium,2025-06-04
745,João Pedro Ramos,theorodrigues@example.net,Guerra,RS,Corporativo,2024-09-07
746,Dom Correia,da-cruzana-luiza@example.com,Novais de Lopes,DF,Premium,2025-06-19
747,Ana Carolina Costa,yagocarvalho@example.org,Vieira Paulista,PE,Atacado,2026-06-22
748,Emanuelly Ramos,silveiramaria-vitoria@example.org,Barros,CE,Atacado,2025-01-02
749,Letícia Azevedo,qfonseca@example.net,Gonçalves,PR,Corporativo,2024-04-08
750,Daniel Oliveira,moreirasabrina@example.com,Borges de da Costa,RS,Premium,2026-03-22
751,Levi Farias,vsouza@example.org,Cunha Grande,DF,Corporativo,2024-02-15
752,Heitor da Mota,qjesus@example.net,Mendonça,PE,Premium,2025-12-09
753,Sr. Liam Nogueira,rmelo@example.org,Viana Grande,SC,Corporativo,2025-03-19
754,Maria Eduarda das Neves,ramosbernardo@example.net,Sales,MG,Atacado,2026-07-12
755,José Novaes,odas-neves@example.net,Rodrigues do Campo,DF,Atacado,2025-12-11
756,Pedro Miguel Gomes,goncalvesthomas@example.com,Sá,PR,Varejo,2024-09-02
757,Gustavo Henrique Castro,upires@example.net,Vieira do Norte,PE,Premium,2024-11-01
758,Samuel Melo,tfarias@example.com,Castro,CE,Varejo,2024-10-12
759,Ana Luiza Fogaça,upereira@example.net,Marques do Sul,CE,Varejo,2023-11-22
760,Ester Pires,pvieira@example.org,Guerra,PR,Varejo,2024-07-09
761,Lorena Dias,camargolevi@example.org,Peixoto,MG,Premium,2026-08-03
762,Luiza Machado,isousa@example.com,Rodrigues,PE,Atacado,2026-03-12
763,Dr. Gael Henrique Barros,lfreitas@example.com,Oliveira de Goiás,SC,Varejo,2023-10-05
764,Ian Borges,qcosta@example.net,Aragão,RS,Corporativo,2025-05-17
765,Mariane Peixoto,kaique15@example.org,Albuquerque,BA,Varejo,2025-11-27
766,Mirella Rocha,ocampos@example.net,Correia,SC,Varejo,2024-10-20
767,Thales Garcia,lorenacostela@example.net,da Paz,SC,Premium,2026-07-20
768,Otto Cirino,jvieira@example.org,da Luz de Goiás,RS,Corporativo,2026-04-19
769,Isadora Freitas,abarros@example.com,Duarte,RJ,Premium,2025-05-12
770,Hadassa Silva,bsantos@example.net,Barbosa do Campo,RS,Varejo,2026-01-15
771,Benjamim Farias,maria-juliafogaca@example.net,Abreu,BA,Varejo,2024-10-01
772,Maria Helena da Rosa,xrios@example.org,Pacheco,BA,Atacado,2024-06-07
773,Enzo Gabriel Montenegro,dfernandes@example.org,Dias,MG,Varejo,2025-12-04
774,Cecília da Luz,diascaio@example.org,da Mota de Souza,PR,Corporativo,2025-03-16
775,Larissa da Luz,pietra56@example.org,Sousa do Amparo,MG,Corporativo,2024-04-24
776,Maysa Aragão,kaiquearagao@example.org,Andrade,PE,Varejo,2025-09-02
777,Enrico Santos,hlopes@example.com,Macedo,RJ,Varejo,2025-03-09
778,Dra. Raquel Marques,ucamargo@example.org,Ferreira,PR,Atacado,2024-01-26
779,João Miguel Cirino,nicoleda-mata@example.net,Pacheco,MG,Corporativo,2023-09-09
780,Emilly Leão,da-cruzmelina@example.net,Farias,RJ,Premium,2023-10-13
781,Davi Gonçalves,heitor52@example.org,Marques,RS,Premium,2026-06-23
782,Mirella Pires,anthony50@example.net,Duarte de Siqueira,RJ,Varejo,2026-02-03
783,Heitor Aragão,ayla01@example.net,Borges das Flores,RS,Corporativo,2024-10-03
784,Isaque Vargas,bborges@example.org,Gomes,DF,Corporativo,2025-05-20
785,Eduardo Campos,mariane64@example.net,Fogaça,RJ,Varejo,2026-07-02
786,Léo Moraes,marianamachado@example.com,da Mata de Nunes,PE,Varejo,2026-03-23
787,Ayla Sá,nfreitas@example.org,Pires das Pedras,CE,Atacado,2024-01-25
788,Théo Fernandes,orocha@example.net,Monteiro,MG,Premium,2025-11-30
789,Valentina Barros,maria-helena61@example.com,Cassiano Grande,SC,Varejo,2026-08-01
790,Josué Moreira,kda-rocha@example.org,Aparecida,DF,Premium,2025-11-08
791,Thomas Lima,dbrito@example.net,Fogaça Paulista,RS,Corporativo,2026-02-28
792,Theodoro Almeida,sousamaria-eduarda@example.org,Gonçalves,MG,Varejo,2023-11-12
793,Oliver Santos,ana-sophia97@example.net,Pinto de da Luz,CE,Premium,2025-02-14
794,Heitor Cirino,souzavalentim@example.net,Lopes,RJ,Varejo,2025-12-11
795,André Gonçalves,albuquerqueluigi@example.net,Marques de Sales,SC,Corporativo,2025-05-24
796,Raquel da Rosa,isabela41@example.org,Albuquerque,SP,Corporativo,2024-06-25
797,Antony Sampaio,benjamimcostela@example.com,Rezende,BA,Premium,2024-09-12
798,Zoe Correia,da-rosamaria-fernanda@example.org,Lima de Almeida,SP,Premium,2024-03-01
799,Eduardo Sousa,emendonca@example.org,Pacheco de da Cruz,RJ,Premium,2024-07-11
800,Matteo Aragão,antony16@example.com,Sousa de Pacheco,RS,Varejo,2026-03-16
801,Dra. Lavínia Andrade,fguerra@example.net,da Conceição de Silva,DF,Premium,2023-12-06
802,Allana Lima,davi-lucas46@example.com,Monteiro,MG,Varejo,2026-04-27
803,Manuella Machado,kalmeida@example.com,Melo,BA,Premium,2025-02-18
804,Isabel Montenegro,camilapereira@example.net,Cardoso de da Rocha,MG,Corporativo,2025-05-01
805,Maria Cecília Vieira,ncastro@example.org,Sales de Minas,PE,Atacado,2026-07-05
806,Caroline Cavalcanti,levipereira@example.com,Vieira,MG,Varejo,2025-06-10
807,Liz da Costa,calebealmeida@example.com,Fogaça da Serra,PE,Varejo,2024-05-31
808,Ana Beatriz Azevedo,lorena19@example.org,Novais,PR,Atacado,2024-08-16
809,Joana Fernandes,caleb84@example.org,Santos,SP,Atacado,2023-11-20
810,Natália Sá,caldeiragustavo@example.net,Montenegro,SP,Premium,2024-02-13
811,Dante Costela,levi47@example.net,Siqueira de Brito,PR,Corporativo,2024-04-29
812,Maria Clara Farias,joaquimcosta@example.com,Vargas do Sul,CE,Corporativo,2024-09-18
813,Manuela da Paz,enzo-gabrielda-mata@example.com,Fonseca de Goiás,PR,Varejo,2024-04-25
814,Mariah Viana,joao-guilhermelima@example.com,Marques do Galho,RS,Premium,2026-07-28
815,Sr. Pedro Miguel Casa Grande,silvapietra@example.org,Fernandes,BA,Varejo,2025-01-04
816,Eloah Lopes,goncalvesbrayan@example.net,Oliveira,BA,Premium,2023-12-01
817,Stephany da Rocha,rguerra@example.net,Silveira Alegre,RJ,Premium,2025-02-18
818,João Lucas Moura,isismachado@example.net,Nogueira,SC,Corporativo,2026-04-29
819,Melina Sampaio,jade34@example.org,Nascimento,PE,Corporativo,2025-02-03
820,Carolina Moreira,paulo18@example.net,Moreira Alegre,BA,Atacado,2026-05-17
821,Antônio Alves,rodrigo46@example.net,Siqueira,PE,Corporativo,2023-12-05
822,Dr. Thiago Fogaça,aragaojosue@example.com,Oliveira do Sul,BA,Premium,2025-08-06
823,Sr. Vitor Peixoto,clarada-rosa@example.com,Silva,RJ,Corporativo,2025-04-11
824,Isadora Caldeira,pietra93@example.com,Brito de Casa Grande,RJ,Corporativo,2025-06-25
825,Anna Liz Borges,limajose-pedro@example.com,Machado,DF,Atacado,2024-01-02
826,Dr. Valentim Vasconcelos,lda-luz@example.com,Macedo do Amparo,CE,Premium,2025-06-11
827,Diego Montenegro,maria-vitoriasilva@example.com,Santos,BA,Varejo,2025-11-08
828,Bárbara Sales,maria-alicemelo@example.org,Novais,RJ,Premium,2025-03-29
829,Nicolas Camargo,freitasamanda@example.org,Campos,PR,Premium,2025-04-02
830,Marcelo da Rosa,maria-vitoria02@example.org,Aragão da Mata,PE,Corporativo,2024-11-16
831,Fernando Sousa,davi-luiz06@example.com,Nunes dos Dourados,MG,Corporativo,2025-02-08
832,Olívia Silveira,joao-guilhermemontenegro@example.net,Teixeira de Machado,BA,Corporativo,2026-07-05
833,Clarice Siqueira,felipe99@example.com,da Conceição das Flores,SP,Premium,2025-02-10
834,Ana Clara Rios,rsousa@example.net,Cavalcante,DF,Corporativo,2023-10-11
835,Luana Novais,ramosenzo-gabriel@example.org,Nunes,PR,Varejo,2025-11-21
836,Renan Montenegro,campossophia@example.org,da Mota,RJ,Corporativo,2024-07-18
837,Pedro Miguel Barros,isadora90@example.com,Fernandes,BA,Atacado,2025-07-12
838,Oliver Alves,giovanna41@example.org,Nogueira,SP,Atacado,2024-05-21
839,Diego Cirino,felipe24@example.com,Araújo,DF,Corporativo,2026-04-14
840,Sr. Apollo Silva,da-rosaheloisa@example.org,Casa Grande das Pedras,SP,Atacado,2025-01-18
841,Marcos Vinicius Campos,costarhavi@example.net,Monteiro,RJ,Atacado,2025-11-01
842,Maria Isis Camargo,davi57@example.net,Azevedo do Amparo,BA,Premium,2023-10-17
843,Isabel Almeida,guilherme38@example.net,da Rosa,SC,Varejo,2026-02-01
844,Melissa Barros,joao-miguelfreitas@example.net,Viana,DF,Atacado,2024-09-17
845,Mariana Novais,aaparecida@example.com,Rezende da Serra,PE,Premium,2023-09-03
846,Rodrigo da Mata,gabrielly53@example.net,Aparecida da Serra,BA,Corporativo,2025-12-10
847,Ana Lívia da Rosa,goncalvesjoaquim@example.org,Lopes do Oeste,RJ,Atacado,2026-04-08
848,Luiza Rodrigues,vicente74@example.org,Fernandes do Oeste,CE,Premium,2025-08-17
849,Luísa Almeida,andrepereira@example.com,Albuquerque,SC,Premium,2026-07-14
850,Noah Novais,zteixeira@example.net,Viana,PR,Atacado,2026-06-07
851,Ana Vitória Nascimento,rioslivia@example.net,Fogaça,RJ,Varejo,2025-04-09
852,Maria Alice Gomes,antonycampos@example.com,Correia dos Dourados,MG,Corporativo,2023-09-17
853,Antônio Teixeira,elisa31@example.net,Silva de Goiás,CE,Corporativo,2024-08-31
854,Maria Cecília Andrade,marina93@example.org,Porto,CE,Varejo,2025-05-10
855,João Lucas Nunes,jcavalcante@example.org,Azevedo,PR,Premium,2026-03-04
856,Benício Cardoso,rafael84@example.org,Sales,PE,Atacado,2026-07-21
857,Isis Rodrigues,babreu@example.net,Duarte,DF,Premium,2025-07-05
858,Kamilly Campos,xmonteiro@example.net,Silveira,PE,Atacado,2024-08-16
859,João Lucas Leão,adias@example.com,Farias,RJ,Atacado,2024-01-08
860,Amanda Sousa,laviniabarbosa@example.org,Cavalcante,RJ,Corporativo,2025-01-26
861,Benício Pires,alvesmaria-luiza@example.com,Pastor,MG,Corporativo,2026-05-02
862,Dr. Josué Caldeira,vda-costa@example.org,Moreira de Goiás,RJ,Premium,2023-12-25
863,Maysa Teixeira,piresmaite@example.net,Barros,BA,Varejo,2023-12-06
864,Marcos Vinicius Dias,vianajose-miguel@example.org,Araújo de da Rosa,CE,Premium,2026-04-08
865,Marina Azevedo,rochadaniel@example.net,da Rocha,PR,Atacado,2025-04-17
866,Aylla Pinto,mda-conceicao@example.net,Marques,MG,Premium,2025-04-21
867,Mariane Pinto,fernandesbenjamim@example.com,Pastor do Oeste,CE,Atacado,2024-02-17
868,Anthony Gabriel Peixoto,pastormathias@example.net,Porto,RJ,Atacado,2025-11-01
869,Luiz Gustavo Leão,nsilveira@example.com,da Cruz,MG,Atacado,2024-04-03
870,Bento Cardoso,luiza85@example.com,Casa Grande,PE,Varejo,2025-09-01
871,Luigi da Rocha,antony89@example.net,Araújo,BA,Premium,2024-09-05
872,Ana Júlia Lima,matteo33@example.org,Correia do Amparo,PE,Atacado,2025-08-29
873,Luísa Pacheco,ana-clara65@example.org,Marques,DF,Varejo,2023-11-07
874,Hellena Abreu,raulmartins@example.net,da Costa,RJ,Premium,2025-09-18
875,Sra. Maria Flor Costela,acirino@example.com,Barbosa,SC,Corporativo,2025-03-11
876,Danilo Casa Grande,lunna39@example.com,Alves,CE,Corporativo,2024-07-08
877,João Miguel Cavalcanti,viniciussilveira@example.org,Novaes de Goiás,SC,Varejo,2024-06-06
878,Antônio Cavalcanti,guilherme02@example.com,Fernandes,MG,Premium,2024-07-25
879,Rafael da Costa,esther28@example.net,Silva de Minas,RJ,Corporativo,2024-03-05
880,Davi Lucca Vieira,matheusnascimento@example.com,Dias das Pedras,PE,Premium,2026-05-18
881,Augusto Teixeira,stellada-rocha@example.org,da Cruz do Norte,MG,Atacado,2026-05-07
882,Davi Lucas Moraes,ucostela@example.org,Vieira de Ribeiro,MG,Corporativo,2026-04-15
883,Enzo Moraes,psa@example.net,Monteiro do Galho,CE,Varejo,2025-08-24
884,Lorenzo Silva,sara77@example.com,Pacheco das Flores,RJ,Atacado,2026-05-21
885,Ana Carolina Costela,nathanmachado@example.org,Cunha da Mata,PR,Atacado,2025-06-24
886,Eduarda Freitas,isis12@example.org,Macedo do Galho,MG,Premium,2025-03-02
887,Asafe Martins,leticia77@example.com,Freitas do Amparo,RS,Premium,2025-01-07
888,Mateus Alves,luisada-conceicao@example.com,Fogaça,CE,Premium,2024-01-09
889,Theodoro Moraes,vianayuri@example.org,Campos,RJ,Premium,2023-12-22
890,Sr. Yago Costa,matteo54@example.com,Correia Grande,RS,Premium,2025-12-24
891,Anthony Vargas,alexia56@example.com,Melo,MG,Premium,2026-06-15
892,Clarice Gonçalves,rafaelsilveira@example.net,Melo,DF,Varejo,2024-08-31
893,Nina Silveira,yfernandes@example.org,Correia das Pedras,CE,Atacado,2025-06-12
894,Pedro Lucas Machado,freitasjoao-lucas@example.net,das Neves,DF,Atacado,2023-09-18
895,Maria Fernandes,larissalima@example.net,Teixeira da Prata,MG,Premium,2024-12-11
896,Sr. Arthur Gabriel Carvalho,biancanunes@example.net,Garcia do Oeste,DF,Varejo,2025-05-01
897,Vitor Gomes,maria-lauracaldeira@example.com,Porto de da Rosa,SP,Varejo,2024-01-25
898,Cauã Rocha,lalves@example.org,Gomes,SP,Premium,2024-11-16
899,Igor da Rocha,marquesdanilo@example.com,Cavalcante,RS,Corporativo,2025-01-22
900,Maria Júlia Castro,cardosostella@example.com,Souza de Azevedo,DF,Varejo,2025-04-29
901,Davi Lucca Costela,luana72@example.net,Pastor do Oeste,PE,Premium,2025-10-22
902,Dra. Natália da Mota,anthony-gabrielcasa-grande@example.com,Guerra,PR,Corporativo,2026-03-30
903,Vinicius Farias,dmarques@example.net,Sousa,RS,Corporativo,2024-01-22
904,Rafael Ferreira,heloisa92@example.com,Cavalcanti,PR,Corporativo,2026-04-19
905,Sra. Natália Gomes,gabrielgoncalves@example.net,da Costa,RJ,Varejo,2024-05-05
906,Vitor Gabriel da Rocha,sampaiopedro-henrique@example.com,Teixeira da Prata,MG,Corporativo,2024-03-09
907,Sr. Cauã Montenegro,julia72@example.com,Montenegro,SC,Corporativo,2023-11-11
908,Amanda Barbosa,vgarcia@example.net,Correia das Flores,PE,Atacado,2023-10-31
909,José Camargo,beatrizrios@example.net,Mendonça de Martins,BA,Atacado,2023-12-18
910,Yan Ribeiro,lunacarvalho@example.com,Castro da Serra,BA,Premium,2023-10-01
911,Beatriz Cavalcanti,josue86@example.org,Rios,BA,Corporativo,2023-09-20
912,Júlia Cassiano,lfogaca@example.org,Rocha,MG,Premium,2025-12-07
913,Pedro Miguel Sampaio,portorebeca@example.net,Gomes,CE,Varejo,2024-12-24
914,Ana Júlia Peixoto,aragaogabriela@example.org,Freitas,BA,Atacado,2024-09-07
915,Caleb Almeida,aalves@example.com,Rodrigues,PE,Varejo,2026-07-08
916,Henry Brito,lucas-gabrielaparecida@example.com,Duarte,PR,Corporativo,2025-01-16
917,Esther Pinto,vitoriagoncalves@example.com,da Conceição,RS,Atacado,2024-07-31
918,Luiz Henrique Duarte,arthurguerra@example.net,Albuquerque das Flores,RJ,Varejo,2024-07-29
919,Hellena Azevedo,emilly01@example.org,da Rosa do Amparo,PR,Corporativo,2024-02-08
920,Dra. Eloá da Cunha,peixotoaylla@example.net,Rocha Grande,DF,Corporativo,2025-01-30
921,Liam Rios,vazevedo@example.org,Garcia de Moraes,RS,Atacado,2026-05-25
922,Srta. Sarah Pastor,das-nevesrenan@example.net,Sá de Goiás,BA,Premium,2026-04-22
923,Bento Carvalho,melina43@example.org,Costela do Norte,RS,Atacado,2024-09-06
924,Dra. Melina Sousa,joao-felipe45@example.net,Moreira,PE,Corporativo,2025-06-08
925,Laura Sá,da-conceicaobianca@example.com,Costela,PE,Premium,2025-12-18
926,Josué Rodrigues,giovannamoreira@example.com,Macedo,PE,Varejo,2026-05-08
927,Benício Mendonça,correiacaua@example.net,Costela,RJ,Corporativo,2024-03-16
928,Erick Pastor,ravymontenegro@example.org,Silveira dos Dourados,CE,Corporativo,2024-12-29
929,Gael Henrique da Cruz,mcavalcanti@example.org,da Paz Verde,RS,Atacado,2025-07-30
930,Gabriela da Mata,xbarros@example.com,Cavalcante do Amparo,DF,Premium,2025-07-19
931,Sofia Pimenta,jteixeira@example.com,Teixeira,SP,Varejo,2025-04-17
932,Antonella Teixeira,stephany28@example.net,da Cunha,PR,Corporativo,2025-04-16
933,Lorena Marques,fernanda89@example.com,Farias,DF,Corporativo,2024-04-02
934,Sra. Fernanda Cassiano,anthonyalbuquerque@example.net,Mendonça das Flores,PR,Varejo,2025-06-09
935,Maria Fernanda Gomes,pdas-neves@example.net,Jesus,RJ,Corporativo,2023-11-02
936,Matheus Nunes,mathiasteixeira@example.com,Vargas da Praia,MG,Premium,2025-11-02
937,Sra. Maria Eduarda Sampaio,rezendehelena@example.com,da Cruz,BA,Corporativo,2025-09-14
938,Luiz Miguel Pires,sampaiojuan@example.com,Rodrigues de Casa Grande,BA,Varejo,2024-10-02
939,Enrico Albuquerque,vargasfrancisco@example.net,Gonçalves Verde,SC,Varejo,2024-01-05
940,Esther Lima,leticiada-cunha@example.net,Montenegro da Prata,DF,Atacado,2026-06-21
941,Lorena Siqueira,usa@example.org,Porto,BA,Premium,2026-02-08
942,Sr. João Felipe Souza,isabellasampaio@example.com,Cavalcante,RJ,Corporativo,2025-10-05
943,Calebe Azevedo,amoura@example.net,Siqueira das Pedras,CE,Corporativo,2024-05-25
944,Marcelo Cirino,miguelmendonca@example.org,Machado,CE,Premium,2026-01-30
945,Francisco Costa,souzaluiz-otavio@example.org,Jesus dos Dourados,DF,Varejo,2026-05-03
946,Bianca Porto,emanuelda-rocha@example.org,Campos Paulista,MG,Varejo,2023-12-11
947,Sr. Isaac Mendes,wrocha@example.org,Araújo,SC,Premium,2024-10-20
948,Asafe Brito,rebecavieira@example.org,Pereira do Galho,BA,Premium,2024-10-19
949,Olívia Sá,liz55@example.net,Dias de Goiás,MG,Atacado,2025-03-17
950,Maria Liz Garcia,fogacabianca@example.org,Marques,DF,Corporativo,2025-05-19
951,Srta. Amanda Pereira,mouraalana@example.net,Freitas,CE,Varejo,2025-08-05
952,Olívia Moraes,mribeiro@example.org,Almeida da Praia,SP,Varejo,2023-11-13
953,Sra. Melina da Conceição,vguerra@example.net,Ferreira,MG,Premium,2025-06-28
954,Beatriz Siqueira,mda-rocha@example.org,Moreira,PE,Corporativo,2026-02-07
955,Dra. Ana Beatriz Cardoso,fvieira@example.com,Cavalcante de Machado,MG,Atacado,2024-02-29
956,Ágatha da Costa,otaviocavalcante@example.net,Caldeira,BA,Premium,2025-07-09
957,Srta. Elisa Duarte,rvargas@example.org,Rios do Amparo,MG,Corporativo,2026-07-10
958,Davi Luiz Nascimento,yborges@example.net,Câmara Verde,DF,Premium,2026-03-24
959,Luigi Garcia,prezende@example.net,da Conceição de Goiás,DF,Premium,2024-10-09
960,João Vitor Borges,borgescarolina@example.net,Souza,CE,Corporativo,2024-03-01
961,Maria Eduarda Cardoso,gabrielly90@example.com,Pastor,DF,Premium,2025-12-13
962,Mathias Lima,emanuella28@example.net,Caldeira,PE,Varejo,2025-05-09
963,Vitor Gabriel Marques,joao-vitor43@example.com,Casa Grande de Peixoto,BA,Premium,2024-11-16
964,Arthur Gabriel Peixoto,ana-luiza81@example.com,Pires de Cunha,RJ,Corporativo,2025-10-10
965,Marcos Vinicius Araújo,leandro33@example.net,Vasconcelos,DF,Premium,2024-06-07
966,Maria Júlia da Rosa,augustonovaes@example.com,Lima do Amparo,SP,Corporativo,2025-02-25
967,Maria Júlia Barbosa,alexia38@example.com,Cardoso,PR,Atacado,2025-01-17
968,Ana Júlia Santos,maria-cecilia29@example.org,Sampaio de Mendes,SP,Corporativo,2024-11-28
969,Gustavo Henrique Cunha,antonyfonseca@example.net,Rocha,MG,Corporativo,2024-04-19
970,Mariane Rocha,danielbrito@example.com,Cavalcanti de Aragão,MG,Atacado,2024-03-03
971,Maitê Pastor,ocassiano@example.net,da Cruz do Norte,SP,Varejo,2024-03-05
972,Miguel Mendonça,luiz-felipe61@example.com,da Mota dos Dourados,RS,Varejo,2025-03-26
973,Dante Camargo,camposmariana@example.net,Almeida,PE,Premium,2026-03-02
974,Pietra da Mota,vieiraluiz-miguel@example.com,Ramos de Sampaio,SC,Atacado,2025-07-07
975,Davi Lucas Brito,davi-lucas82@example.com,Gonçalves,SC,Atacado,2026-01-13
976,Vitória Mendonça,moreirastephany@example.net,Sá,SC,Corporativo,2024-07-21
977,Bárbara Cirino,anthonynovais@example.com,Campos do Norte,SP,Atacado,2024-03-21
978,Gabrielly Rezende,ericknovais@example.com,Barros,CE,Atacado,2024-03-14
979,Letícia Fonseca,laviniaribeiro@example.org,da Rosa,CE,Premium,2023-11-13
980,Laís Ribeiro,kcarvalho@example.com,Moreira da Praia,PE,Corporativo,2026-04-01
981,Sophia Costela,ribeirocaio@example.org,Correia,BA,Atacado,2024-04-10
982,Henrique Carvalho,elisada-mota@example.org,Barbosa da Prata,PE,Premium,2024-10-03
983,Mateus Rezende,isabellymarques@example.org,Rocha das Pedras,CE,Premium,2024-04-12
984,Gabrielly Barbosa,matheus59@example.net,Leão,PR,Corporativo,2024-04-28
985,Dr. Mateus Alves,eduardoda-mata@example.org,Rodrigues,RS,Atacado,2026-01-01
986,Ana Luiza Farias,fonsecabrenda@example.com,Câmara,PR,Premium,2024-11-01
987,Carlos Eduardo Garcia,gabrielacaldeira@example.org,Moura,RS,Premium,2024-12-22
988,Rebeca Brito,alexia84@example.net,Aragão,PR,Atacado,2024-05-25
989,Dr. Fernando Ferreira,lmendes@example.org,Albuquerque do Galho,PE,Premium,2024-05-01
990,Carolina Casa Grande,vnunes@example.com,Silveira,PE,Premium,2026-05-22
991,Sr. Otto Santos,ccirino@example.com,Montenegro de da Paz,CE,Premium,2024-11-04
992,Stephany Silva,ana-lauraporto@example.org,Jesus Alegre,PR,Varejo,2024-01-21
993,Anna Liz Barbosa,franciscocavalcante@example.net,Barros,DF,Corporativo,2024-11-20
994,Sabrina Albuquerque,grocha@example.net,Mendes,SC,Premium,2025-10-15
995,Yasmin Sampaio,guerraarthur@example.net,Souza,MG,Premium,2023-09-14
996,Sra. Yasmin Souza,samuel89@example.org,Cavalcante de Rocha,SP,Premium,2025-11-24
997,Erick Barbosa,joao-felipe85@example.org,Monteiro das Flores,RJ,Premium,2024-05-24
998,Sr. Lucca Rocha,valentinavargas@example.org,da Rosa do Amparo,PE,Premium,2024-12-02
999,Heitor Abreu,tcunha@example.net,Martins,PE,Atacado,2026-04-19
1000,Ana Laura Fogaça,pimentamaria-clara@example.com,Fogaça do Campo,RS,Premium,2023-09-11
1001,Sr. Murilo Fogaça,britolorena@example.com,Barros,CE,Premium,2025-12-02
1002,Daniela Jesus,mendoncaanthony-gabriel@example.org,Câmara do Amparo,MG,Varejo,2025-05-09
1003,Dr. Luiz Otávio Lima,stellada-mata@example.org,Ribeiro de Macedo,DF,Atacado,2024-05-11
1004,Luiz Gustavo Souza,wabreu@example.net,Camargo,RS,Varejo,2024-06-23
1005,Asafe Carvalho,vleao@example.com,Castro,CE,Atacado,2026-07-03
1006,Rhavi Rios,isaac67@example.net,Rodrigues de Silva,RS,Varejo,2024-03-18
1007,Dr. Theodoro Silveira,hcardoso@example.org,Cardoso,RJ,Corporativo,2024-05-01
1008,Sr. Isaac Aragão,liz90@example.com,da Rocha de da Paz,BA,Corporativo,2025-09-26
1009,Paulo da Cruz,ninacirino@example.org,Vargas do Campo,RJ,Atacado,2024-10-16
1010,Srta. Mariane Costa,ysantos@example.org,Correia,SP,Atacado,2026-03-09
1011,Clarice da Conceição,cardosoisadora@example.org,Correia Grande,SC,Corporativo,2025-06-26
1012,Guilherme Borges,garciajoana@example.net,Sampaio de Goiás,PE,Atacado,2024-08-12
1013,Dr. Rhavi Araújo,dramos@example.com,da Mata,PR,Premium,2025-03-20
1014,Luiz Fernando Silva,uda-cruz@example.org,Aparecida,PR,Varejo,2023-09-03
1015,Lorenzo Cunha,maria-julia49@example.org,Cirino Paulista,RJ,Atacado,2025-10-05
1016,Dr. Kevin Camargo,riosapollo@example.net,Farias,CE,Varejo,2025-03-16
1017,Sra. Vitória Pereira,renan43@example.net,Borges do Campo,MG,Corporativo,2024-03-23
1018,Bárbara Aparecida,matheussantos@example.com,Barbosa,MG,Varejo,2025-12-30
1019,Manuela da Rosa,mteixeira@example.net,Aparecida,SC,Corporativo,2024-03-19
1020,Otto Novaes,cecilia57@example.net,Lopes,MG,Premium,2023-12-17
1021,Mariah Moura,cavalcanteyan@example.net,da Rocha,SP,Varejo,2023-11-12
1022,Ana Liz Vieira,isabellamonteiro@example.net,Cavalcante,PR,Varejo,2025-07-14
1023,Maria Isis Novais,mguerra@example.com,Cirino,BA,Premium,2023-09-08
1024,Henrique Pastor,vieiraolivia@example.com,da Rosa de Goiás,PE,Corporativo,2024-12-06
1025,Sra. Bárbara Cavalcante,calebnascimento@example.org,Aparecida Grande,MG,Corporativo,2024-11-07
1026,João Gabriel Vieira,ramostheo@example.org,Abreu,PR,Atacado,2026-06-06
1027,Dr. Luan Barros,joao-felipe69@example.com,Araújo do Sul,RJ,Premium,2025-03-08
1028,João Lucas Cavalcanti,arthur-gabriel89@example.org,Rezende Paulista,MG,Corporativo,2026-05-02
1029,Gabrielly Macedo,ayllada-mata@example.org,Cassiano dos Dourados,PR,Atacado,2024-08-27
1030,Dra. Maya Freitas,maria-luizaborges@example.com,Marques,SP,Premium,2024-06-16
1031,Gabriel Nunes,lsiqueira@example.net,Almeida da Mata,PR,Atacado,2024-05-13
1032,Matteo Rodrigues,davi-miguelcasa-grande@example.org,da Cruz dos Dourados,MG,Corporativo,2026-06-01
1033,Beatriz Silveira,apollopereira@example.org,Gomes do Sul,SC,Premium,2024-02-20
1034,Augusto Cardoso,enzoda-mata@example.org,Vieira,RJ,Corporativo,2023-09-17
1035,Vitor Hugo Sousa,enzo-gabriel32@example.com,Castro de das Neves,RJ,Atacado,2025-01-30
1036,Daniela da Cruz,nogueiravitor@example.net,Almeida,MG,Corporativo,2023-11-11
1037,Yago da Rocha,moraeskamilly@example.org,Câmara,BA,Atacado,2023-10-10
1038,Paulo Gomes,claricerezende@example.com,Rodrigues,SP,Premium,2025-04-22
1039,Brenda Mendonça,henrycamara@example.org,Fogaça de Minas,SC,Atacado,2026-04-16
1040,Sr. Luiz Miguel Barros,pereirakevin@example.org,Moura Alegre,PE,Premium,2026-03-22
1041,Otávio Cassiano,allana51@example.com,Ribeiro de Freitas,BA,Premium,2024-10-19
1042,Srta. Agatha Cassiano,antonellacasa-grande@example.com,Silveira de Vieira,DF,Varejo,2025-09-15
1043,Daniel Oliveira,rsiqueira@example.org,Duarte,PR,Premium,2024-03-19
1044,Matheus Fogaça,maya67@example.net,Pereira Alegre,RS,Varejo,2024-04-04
1045,Isabelly Gomes,fnovaes@example.net,Nascimento de Nascimento,RJ,Corporativo,2024-08-25
1046,Antonella Pacheco,kmoura@example.net,Sampaio,PR,Atacado,2024-01-16
1047,Luiz Miguel Abreu,arthur-gabrielfonseca@example.net,Carvalho de Camargo,SC,Premium,2023-12-04
1048,Dr. Davi Miguel da Rocha,jcasa-grande@example.com,Costela,RJ,Premium,2024-08-16
1049,Davi Miguel Campos,gabrielasiqueira@example.org,Freitas do Norte,BA,Atacado,2024-02-14
1050,Ana Sophia Mendes,bentocasa-grande@example.com,Barros,RS,Atacado,2024-09-17
1051,Anthony Gabriel Nunes,wcassiano@example.org,Souza de Carvalho,PE,Atacado,2025-11-30
1052,Sra. Olivia Jesus,livia04@example.org,Araújo,PE,Premium,2026-05-28
1053,Erick Montenegro,antoniogoncalves@example.com,Novaes de Silva,SC,Corporativo,2024-10-07
1054,Sarah das Neves,laviniacastro@example.com,Moreira,CE,Atacado,2025-04-11
1055,Heitor Guerra,camaraheloisa@example.org,Sales,RS,Varejo,2025-08-30
1056,Luara Rezende,kgarcia@example.org,Ramos das Pedras,CE,Corporativo,2024-07-01
1057,Cauê Caldeira,fonsecabruna@example.org,da Paz,CE,Premium,2024-05-12
1058,Bianca Azevedo,antoniosa@example.com,Novaes,RJ,Varejo,2024-07-12
1059,Ana Beatriz da Costa,enzo-gabriel99@example.org,Aparecida de Aragão,SP,Atacado,2025-01-03
1060,Leonardo Albuquerque,alexia68@example.org,Sá das Flores,DF,Atacado,2025-03-08
1061,Calebe Farias,gsousa@example.org,Alves,MG,Premium,2026-03-03
1062,Pietra Pastor,da-rochalorenzo@example.org,Barros de Pires,CE,Corporativo,2024-01-25
1063,Srta. Helena Rodrigues,lorenzomontenegro@example.net,Machado Grande,RJ,Atacado,2025-02-10
1064,Luiz Miguel Pinto,taparecida@example.net,da Costa do Oeste,DF,Corporativo,2026-04-08
1065,Ana Vitória Cassiano,zbrito@example.org,Vargas,RJ,Corporativo,2024-12-26
1066,Aurora Monteiro,marquesana-sophia@example.org,Castro de Minas,SP,Corporativo,2024-11-11
1067,Maria Clara Fogaça,barbosaluiz-henrique@example.net,da Luz de Melo,MG,Corporativo,2024-10-04
1068,Cecilia Campos,xaparecida@example.com,Jesus Grande,PE,Varejo,2025-07-18
1069,Dr. Marcelo Barros,cmontenegro@example.com,Pinto,CE,Corporativo,2026-05-30
1070,Joaquim Sampaio,cassianogustavo-henrique@example.com,Castro Verde,PR,Varejo,2025-05-15
1071,Henry Gabriel Gomes,frios@example.com,Martins de Ramos,SC,Premium,2025-12-12
1072,Bianca Barros,henriquegoncalves@example.com,Guerra,SP,Atacado,2025-01-25
1073,Liam Fernandes,scunha@example.net,Camargo de da Mota,DF,Varejo,2025-08-09
1074,Yago Cassiano,ocasa-grande@example.org,Nunes do Norte,SP,Corporativo,2026-03-24
1075,Ana Liz Fonseca,nmelo@example.org,Almeida,BA,Varejo,2026-07-31
1076,Júlia da Cunha,enzocasa-grande@example.org,Guerra de Minas,CE,Varejo,2024-12-09
1077,Sra. Mariah Moura,valentimcirino@example.org,Lima,RJ,Corporativo,2025-02-15
1078,Enzo Costa,larissa77@example.net,Sampaio,SP,Premium,2025-07-12
1079,Dr. Anthony Novais,eduardosilveira@example.net,Duarte,SC,Atacado,2026-06-30
1080,Dra. Luiza Albuquerque,maria-ceciliacasa-grande@example.com,Camargo das Pedras,MG,Corporativo,2024-10-15
1081,Agatha Machado,manuellaporto@example.net,Andrade,BA,Corporativo,2024-08-07
1082,Srta. Mariah Sampaio,gabrielacunha@example.com,Correia,PE,Corporativo,2026-07-24
1083,Alice Freitas,arthur-gabriel44@example.net,Sampaio,SC,Varejo,2025-10-17
1084,Mirella Jesus,wfogaca@example.net,Moreira Alegre,CE,Atacado,2024-02-26
1085,Raul Lima,luiz-gustavo89@example.org,Garcia da Mata,BA,Varejo,2026-06-23
1086,Dra. Maya Porto,gael-henrique11@example.org,Pimenta,MG,Corporativo,2025-06-02
1087,Theo Souza,portolivia@example.net,Rios,CE,Atacado,2024-11-26
1088,Hadassa Câmara,ynovaes@example.org,Melo,RS,Varejo,2024-03-14
1089,Dr. Noah Ramos,xabreu@example.org,da Mata Paulista,SP,Premium,2024-12-23
1090,Isabella Abreu,aandrade@example.org,Vieira,PE,Corporativo,2025-04-06
1091,Luiza Farias,lorenada-costa@example.net,Correia das Flores,CE,Corporativo,2023-11-22
1092,Mariane Cardoso,lsiqueira@example.com,Moreira da Serra,RS,Atacado,2025-07-13
1093,Carlos Eduardo Santos,mirellacampos@example.net,Teixeira Paulista,PE,Premium,2026-01-08
1094,Lorenzo Costela,borgesbenjamim@example.com,Pires,MG,Premium,2026-03-12
1095,Arthur Pinto,oliveiragiovanna@example.org,Marques,RS,Varejo,2026-05-15
1096,Maria Alice Cirino,pedro-miguelda-rosa@example.org,Silveira,SP,Corporativo,2025-04-12
1097,Benjamim da Mota,casa-grandeaugusto@example.net,Camargo,DF,Varejo,2025-08-16
1098,Camila Caldeira,alexiada-luz@example.org,Barbosa,RS,Atacado,2025-10-09
1099,Sr. Matteo Brito,bvieira@example.com,Mendonça,RJ,Varejo,2026-05-01
1100,Gustavo Henrique Rodrigues,ugarcia@example.net,Castro de Cirino,DF,Varejo,2024-12-10
1101,Felipe Ribeiro,camposcaroline@example.com,Pimenta de Peixoto,PE,Varejo,2025-12-29
1102,Emanuel Moreira,joaquim39@example.org,Moreira,RS,Varejo,2025-11-05
1103,Henrique Fonseca,cunhabento@example.com,Câmara,SC,Corporativo,2024-01-10
1104,Dra. Carolina da Mata,maria-luisa31@example.com,Martins do Amparo,RS,Atacado,2025-07-11
1105,Maria Liz Correia,luiz-felipe34@example.com,Pacheco,SP,Atacado,2026-03-03
1106,Enzo Vieira,mariahlopes@example.com,Peixoto Paulista,CE,Premium,2025-01-10
1107,Bianca Pereira,mlima@example.net,Freitas de Minas,RS,Premium,2025-08-01
1108,Arthur Gabriel Moraes,julia49@example.net,Gonçalves do Sul,DF,Premium,2024-02-28
1109,Lorenzo Lima,elisada-cruz@example.org,Ribeiro,RS,Premium,2025-04-02
1110,Sr. Levi Campos,diasantonio@example.net,Cunha dos Dourados,MG,Atacado,2026-01-31
1111,Sr. Benício Gomes,otavio83@example.org,Silva de Minas,SC,Premium,2026-02-10
1112,Mariah Rodrigues,udias@example.org,Aragão,PR,Varejo,2025-10-09
1113,Ana Clara da Mota,hcampos@example.com,Peixoto,CE,Atacado,2025-01-22
1114,Maria Isis da Costa,da-pazarthur-miguel@example.net,Martins,SC,Corporativo,2024-11-17
1115,Nathan Andrade,fernandesarthur-gabriel@example.org,Brito de Leão,SP,Premium,2024-12-13
1116,Liam Sá,isabelly18@example.com,Pimenta de Aragão,SC,Premium,2025-05-06
1117,Rafael Monteiro,freitasgustavo@example.org,Aragão,SC,Corporativo,2023-09-19
1118,Cauã Duarte,kcamara@example.org,Silveira,MG,Premium,2025-03-29
1119,Alana Sales,da-luzcaio@example.org,da Rosa,SC,Atacado,2023-12-28
1120,Lucas Sales,sda-mata@example.org,Pacheco,CE,Corporativo,2025-08-18
1121,Davi Lucas Dias,juliaporto@example.com,Moreira,RS,Atacado,2025-11-30
1122,Rhavi Ribeiro,uda-mota@example.net,Câmara de Borges,PR,Atacado,2024-10-16
1123,Bryan Fogaça,noahsales@example.org,Monteiro,PE,Varejo,2023-12-05
1124,Anthony Gabriel Rios,maria-helenagomes@example.org,Caldeira de Fernandes,CE,Corporativo,2024-07-23
1125,Vitória Moraes,ana-livia72@example.net,Cardoso,SC,Atacado,2024-08-07
1126,Dr. Rael Pinto,isabellycorreia@example.org,Lima da Serra,SC,Atacado,2024-12-23
1127,Bella Casa Grande,vcaldeira@example.org,Almeida,PR,Atacado,2025-08-18
1128,João Felipe Alves,hribeiro@example.com,da Luz do Campo,BA,Varejo,2026-01-04
1129,Luiz Gustavo Lopes,kevingoncalves@example.net,Moraes Alegre,PE,Premium,2023-11-24
1130,Júlia Freitas,aragaogiovanna@example.net,Correia da Mata,RJ,Atacado,2024-06-23
1131,Emanuelly Peixoto,sofia97@example.net,Caldeira do Norte,SP,Premium,2026-06-03
1132,Daniel Câmara,aragaobrayan@example.net,da Costa de Minas,SC,Varejo,2025-12-07
1133,João Guilherme Câmara,zgoncalves@example.org,Siqueira,RJ,Atacado,2024-10-23
1134,Gabrielly Cavalcante,ceciliaporto@example.com,Siqueira do Sul,DF,Atacado,2024-01-27
1135,Theodoro Sampaio,tsousa@example.net,Cavalcante,PE,Atacado,2025-01-04
1136,Ana Lívia Cavalcante,brendamarques@example.org,Rios,BA,Premium,2025-09-09
1137,Lívia Almeida,viniciusbarbosa@example.org,Peixoto,SP,Atacado,2025-03-03
1138,Agatha Mendonça,maria-juliacamargo@example.org,Nunes,RS,Varejo,2026-07-25
1139,Ian Moura,juanvasconcelos@example.org,da Rosa,PE,Atacado,2025-02-05
1140,Rebeca Sousa,zoe47@example.com,Marques do Sul,DF,Atacado,2025-03-03
1141,Lucas Gabriel Moreira,rcamargo@example.net,Casa Grande,SC,Atacado,2025-06-01
1142,Diego Fogaça,palves@example.net,Fonseca do Oeste,CE,Premium,2024-01-19
1143,Marcos Vinicius Porto,da-motayasmin@example.com,da Luz,PR,Corporativo,2026-07-23
1144,Dr. Matteo Pastor,tda-mota@example.org,Pacheco,PE,Premium,2025-11-18
1145,Sra. Camila Lopes,ynunes@example.com,Camargo do Sul,PR,Premium,2025-10-17
1146,Clara Martins,rebecada-rocha@example.net,da Rosa,BA,Corporativo,2025-09-28
1147,Benício da Rocha,marquesbruno@example.org,Pastor do Campo,PE,Varejo,2023-11-24
1148,Lorena Abreu,qfogaca@example.org,da Cunha,PE,Premium,2024-04-03
1149,Dr. Theodoro Rios,ericksilva@example.com,Siqueira,RS,Premium,2024-07-04
1150,Anna Liz da Rocha,beniciomelo@example.com,Rocha,BA,Corporativo,2026-05-19
1151,Mariana Guerra,da-luzana-julia@example.net,Cavalcanti Verde,SP,Atacado,2025-07-11
1152,Luna Pacheco,muriloda-cunha@example.org,Novaes do Oeste,MG,Varejo,2024-12-13
1153,Bryan da Rosa,lnogueira@example.com,Brito Grande,PR,Corporativo,2025-11-29
1154,Luara Montenegro,maria-helena56@example.com,Jesus dos Dourados,PR,Atacado,2023-10-15
1155,Amanda Vargas,ryan98@example.com,Pinto,RS,Premium,2025-12-24
1156,Laís Aragão,zcardoso@example.net,Martins,RS,Corporativo,2025-11-15
1157,Ana Júlia Barros,da-mataheitor@example.com,da Rocha,DF,Atacado,2026-01-28
1158,Luísa Araújo,sousanina@example.net,Sampaio,PE,Premium,2024-07-17
1159,Cecília Novais,ocarvalho@example.net,da Rosa,PR,Corporativo,2026-05-05
1160,André Mendonça,ianazevedo@example.org,Pereira,PE,Corporativo,2024-03-09
1161,Aylla da Cruz,gustavo-henriquemelo@example.org,Gonçalves de Araújo,MG,Premium,2024-03-10
1162,Nathan Mendes,ravynogueira@example.com,Ribeiro de Pimenta,MG,Atacado,2024-03-12
1163,Clara Porto,cirinojoao-miguel@example.net,Cavalcante,CE,Corporativo,2025-11-05
1164,Dra. Ísis Costa,smendes@example.com,Pastor,MG,Varejo,2025-10-07
1165,Dr. Matteo Gomes,martinslara@example.com,Alves,CE,Varejo,2024-11-16
1166,Bárbara Nunes,lalbuquerque@example.com,Ramos,RJ,Varejo,2026-06-09
1167,Melina Aparecida,joao-lucas77@example.com,Castro,SP,Corporativo,2025-03-11
1168,Sarah Costela,sabrina68@example.org,Rezende,MG,Atacado,2024-04-25
1169,Dr. Raul Silva,agathaviana@example.net,Gonçalves de Minas,RJ,Atacado,2026-06-01
1170,Maria Flor Melo,nataliavasconcelos@example.net,Cardoso Alegre,SP,Atacado,2026-03-05
1171,Marcela Pacheco,cazevedo@example.org,da Conceição,CE,Corporativo,2024-01-30
1172,Bianca Monteiro,wduarte@example.org,Caldeira,BA,Varejo,2024-05-30
1173,Sra. Mariah Azevedo,pimentatheodoro@example.org,Souza,DF,Corporativo,2023-12-25
1174,Maria Fernanda Pereira,cavalcantiaurora@example.org,Garcia de Carvalho,PE,Varejo,2026-05-20
1175,Gabriela Costa,mariane74@example.org,Sousa,SP,Corporativo,2024-05-11
1176,Vitória Vieira,erickpacheco@example.org,Costela,SP,Varejo,2023-10-24
1177,André Fonseca,inunes@example.org,Cirino do Galho,CE,Premium,2025-10-12
1178,Gustavo Henrique Oliveira,wmontenegro@example.com,Azevedo,CE,Premium,2025-07-15
1179,Maria Flor Barbosa,cardosopietra@example.com,Campos,SP,Corporativo,2025-10-16
1180,Benjamim Peixoto,augusto34@example.com,Santos da Praia,MG,Varejo,2023-12-17
1181,João Pedro Barbosa,rafaelapimenta@example.net,Guerra do Norte,RJ,Atacado,2025-12-29
1182,Srta. Olivia da Luz,andradecamila@example.com,Costa Alegre,RS,Atacado,2023-12-04
1183,Gustavo Novaes,davi37@example.org,Ferreira,DF,Premium,2023-12-21
1184,Anna Liz Novaes,rcardoso@example.net,Caldeira,BA,Premium,2023-10-28
1185,Sofia Câmara,lorena74@example.org,Araújo,SC,Varejo,2023-10-13
1186,Vitor Pereira,rrodrigues@example.net,Novaes,BA,Corporativo,2025-09-21
1187,Mathias Vargas,isampaio@example.com,Novaes Grande,PE,Atacado,2024-02-29
1188,Bárbara Pimenta,clarice35@example.com,da Costa,RS,Premium,2024-08-28
1189,Anthony da Conceição,wsouza@example.net,Albuquerque,RJ,Varejo,2024-09-25
1190,Breno Araújo,lunacirino@example.com,Dias,RJ,Corporativo,2025-02-27
1191,Isabelly da Rocha,isabellamendes@example.net,Ribeiro,SC,Corporativo,2023-12-31
1192,José Nogueira,mayasantos@example.net,Câmara dos Dourados,CE,Corporativo,2024-12-16
1193,Dr. Joaquim Moura,antonella88@example.org,Ferreira,SP,Varejo,2025-06-02
1194,Dra. Raquel da Mota,costelajoao-guilherme@example.net,das Neves,MG,Varejo,2026-01-09
1195,Davi Freitas,brayanda-costa@example.net,Rezende de Teixeira,PE,Corporativo,2025-08-07
1196,Antônio Monteiro,da-mataagatha@example.net,da Rosa de Minas,BA,Varejo,2023-12-04
1197,Matheus Monteiro,garciahadassa@example.com,Câmara,CE,Varejo,2024-07-18
1198,Ester Ribeiro,dnascimento@example.net,Andrade da Prata,RS,Atacado,2025-02-24
1199,Lucca da Luz,benjaminfernandes@example.net,Lima do Norte,DF,Corporativo,2024-02-19
1200,Maria Julia Silveira,sophie76@example.net,Castro das Flores,PR,Varejo,2025-08-28
1201,Srta. Caroline Albuquerque,yan13@example.net,Fernandes Verde,RJ,Premium,2025-05-07
1202,João Guilherme Fonseca,theodoro90@example.org,Nunes Alegre,CE,Varejo,2024-10-17
1203,Pedro Miguel Martins,macedoantony@example.com,Fogaça,MG,Premium,2025-09-17
1204,Helena Jesus,pachecoemanuel@example.com,Azevedo dos Dourados,SP,Atacado,2024-06-08
1205,João Guilherme da Luz,ocardoso@example.net,Casa Grande,DF,Atacado,2026-04-19
1206,Ana Julia da Conceição,rezendebreno@example.org,Pacheco de Dias,SC,Varejo,2023-11-07
1207,Heloísa Araújo,theo05@example.net,Peixoto,PR,Atacado,2024-09-01
1208,Sr. Breno Montenegro,gcamargo@example.org,Costela,DF,Atacado,2025-01-21
1209,Maria Fernanda Rodrigues,pbarbosa@example.com,Casa Grande do Sul,DF,Corporativo,2025-01-22
1210,Maria Cecília Farias,xrezende@example.com,Pinto do Sul,CE,Premium,2024-05-09
1211,Sr. João Vitor Cassiano,caldeiraotavio@example.com,Cunha das Flores,SC,Atacado,2026-02-24
1212,Dom Garcia,barbosapietro@example.net,Nascimento do Campo,RJ,Premium,2025-11-30
1213,Ravy Ribeiro,rdias@example.org,da Cruz Alegre,SP,Varejo,2024-09-14
1214,Sr. Rafael Dias,salesrodrigo@example.com,Fonseca de Minas,SC,Atacado,2025-03-02
1215,Sofia Barbosa,maria-sophia93@example.com,da Conceição Verde,RJ,Premium,2024-03-15
1216,Isabelly Vasconcelos,lrocha@example.net,Pereira,DF,Corporativo,2024-10-11
1217,Luigi Dias,barrosjulia@example.com,Oliveira,BA,Varejo,2025-10-09
1218,Fernanda Cirino,kalbuquerque@example.org,da Luz da Prata,PR,Corporativo,2025-09-01
1219,Srta. Carolina Andrade,salves@example.org,Cardoso,PE,Atacado,2025-11-10
1220,Maria Julia Lima,jose-miguel68@example.org,Campos Alegre,BA,Corporativo,2025-02-06
1221,Bianca Silveira,barbosadaniela@example.com,Pires dos Dourados,SC,Atacado,2025-07-10
1222,Rhavi Sampaio,luiz-otaviosilveira@example.net,Cassiano,DF,Corporativo,2023-09-15
1223,Maria Eduarda Rocha,ugarcia@example.com,Moraes,RJ,Premium,2026-03-04
1224,Calebe da Conceição,marina50@example.net,da Paz Alegre,RS,Varejo,2025-04-21
1225,Sr. Diego Aparecida,lorenamoreira@example.com,Brito da Praia,RJ,Premium,2024-11-18
1226,Dante da Paz,mariah73@example.org,da Luz do Campo,MG,Corporativo,2024-08-27
1227,Lara Casa Grande,costelanicole@example.org,Peixoto,MG,Corporativo,2023-11-03
1228,Zoe Correia,mendoncabenjamim@example.com,da Paz,BA,Premium,2026-02-06
1229,Melina Moreira,mariada-rocha@example.org,Macedo,RJ,Varejo,2025-07-05
1230,Julia Borges,agathasiqueira@example.net,Fogaça,SP,Premium,2024-01-03
1231,Srta. Ana Vitória Duarte,nataliafarias@example.com,Pires de Sousa,PE,Premium,2025-11-07
1232,Ana Sophia Santos,breno61@example.net,Correia da Prata,PR,Varejo,2026-06-26
1233,Ana Carolina Porto,da-cruzjoao-guilherme@example.net,Câmara do Oeste,MG,Varejo,2024-10-19
1234,Clarice Mendonça,maysada-paz@example.org,Porto,MG,Corporativo,2024-01-18
1235,Hadassa Abreu,fazevedo@example.net,Santos,PE,Corporativo,2024-06-05
1236,Otto Sales,gabrielly93@example.net,Mendes do Galho,RJ,Varejo,2026-06-19
1237,Kaique da Conceição,maria-vitoria76@example.net,Nogueira do Amparo,RJ,Premium,2024-12-04
1238,Henry Camargo,larissa75@example.org,Camargo da Serra,CE,Varejo,2025-08-24
1239,Sr. Luiz Felipe Sampaio,isantos@example.com,Peixoto de Jesus,DF,Premium,2024-09-01
1240,João Vitor da Mata,juliaaraujo@example.net,da Luz Alegre,SC,Varejo,2025-06-02
1241,Melina Lima,dda-luz@example.com,Siqueira de Câmara,PR,Corporativo,2025-02-11
1242,Ana Clara das Neves,ojesus@example.net,Nascimento,SC,Varejo,2024-07-19
1243,Brenda Pimenta,jose-pedro98@example.org,Garcia,CE,Atacado,2024-01-21
1244,Sra. Maria Vargas,rezendecarlos-eduardo@example.net,Fonseca,DF,Atacado,2025-12-12
1245,Emanuel Nascimento,osilva@example.com,Freitas,SC,Atacado,2025-01-29
1246,Helena Novaes,apolloandrade@example.org,Montenegro,MG,Premium,2025-05-13
1247,Ana Cecília Castro,ana-julia03@example.net,Andrade,PR,Premium,2024-10-30
1248,Srta. Maria Flor Rezende,vcardoso@example.com,Barbosa,PE,Atacado,2023-12-26
1249,Maria Vitória Almeida,souzavitoria@example.net,Brito,RJ,Atacado,2026-03-04
1250,Evelyn Pereira,ayla68@example.net,da Rosa,SC,Premium,2024-11-01
1251,Gabriela Brito,maria-julia64@example.com,Câmara,SC,Premium,2025-05-26
1252,Lara Mendes,sophie83@example.com,Monteiro,PE,Varejo,2025-05-06
1253,Sr. Rael Câmara,goncalvesravi@example.com,Mendes Verde,BA,Premium,2024-02-19
1254,Luana Farias,enzobrito@example.net,Costela,RS,Corporativo,2025-10-02
1255,Isadora Barros,isispimenta@example.com,Araújo,DF,Atacado,2025-10-08
1256,Noah das Neves,kevin05@example.net,Abreu Paulista,PE,Varejo,2024-07-24
1257,Rebeca Nogueira,pdias@example.org,Martins do Amparo,MG,Premium,2025-11-10
1258,Anna Liz Caldeira,esampaio@example.com,Sá,SP,Corporativo,2023-09-24
1259,Vicente Souza,cavalcantemiguel@example.com,Andrade,BA,Corporativo,2025-06-22
1260,Eloá Pires,vcarvalho@example.net,Guerra do Sul,BA,Corporativo,2024-12-06
1261,Pedro Henrique da Rocha,rebeca59@example.com,Casa Grande,BA,Corporativo,2024-11-26
1262,Gabrielly Pimenta,rafaela94@example.com,Costela de Farias,DF,Atacado,2024-03-31
1263,Vinicius Silva,ualbuquerque@example.com,Cassiano,PR,Premium,2025-09-02
1264,André das Neves,murilosales@example.org,Farias de Brito,DF,Atacado,2023-12-06
1265,Nina Peixoto,davi-luizferreira@example.net,Ferreira,PE,Premium,2026-05-06
1266,Gael da Mota,leticia94@example.com,da Cunha da Prata,MG,Corporativo,2025-12-21
1267,Gabriela Barbosa,gustavosiqueira@example.org,Cavalcanti Paulista,BA,Premium,2026-01-25
1268,Davi Lucas Moreira,kfarias@example.net,Sousa do Amparo,PE,Atacado,2024-07-24
1269,Alexandre Viana,pedroborges@example.net,Casa Grande,BA,Corporativo,2024-05-16
1270,Agatha Duarte,aragaojoao-guilherme@example.net,Lima de Rios,PR,Corporativo,2025-09-04
1271,Dr. Theodoro Teixeira,da-costaisabel@example.com,Santos do Amparo,BA,Varejo,2025-03-07
1272,Vicente Dias,pereirapaulo@example.org,Silva Grande,DF,Atacado,2025-07-13
1273,Melina Mendonça,isaque86@example.net,Cavalcanti do Sul,DF,Atacado,2025-03-24
1274,Manuella Siqueira,ncunha@example.net,Garcia,CE,Varejo,2025-04-06
1275,Anthony Costa,hfonseca@example.org,Pastor,PE,Atacado,2024-12-28
1276,Sr. Léo da Cunha,pereirayago@example.org,Ramos do Amparo,PE,Premium,2025-05-13
1277,José da Mota,oliveirabento@example.net,Pereira de Pires,RJ,Corporativo,2025-08-09
1278,Emanuella Melo,andradeester@example.org,Santos,PE,Atacado,2024-06-03
1279,Bryan Leão,araujolivia@example.net,Dias,PR,Atacado,2024-02-01
1280,Lara Correia,fariasanna-liz@example.net,Pastor,PR,Atacado,2025-03-24
1281,Alice Rios,qleao@example.net,Azevedo,SC,Corporativo,2024-06-28
1282,Clara Siqueira,enzo27@example.org,Pereira do Oeste,RJ,Corporativo,2025-10-27
1283,Emanuella Porto,das-nevesyan@example.net,Campos Alegre,DF,Corporativo,2025-08-27
1284,Aurora Nunes,hborges@example.org,Siqueira,DF,Corporativo,2024-01-15
1285,Liam Pastor,vargaslucca@example.org,Porto,CE,Corporativo,2025-04-06
1286,Anna Liz Silveira,ana-lizrodrigues@example.net,Souza,CE,Varejo,2024-03-27
1287,Benjamim Garcia,luiz-henrique42@example.net,Jesus de Goiás,BA,Varejo,2024-06-21
1288,Guilherme Cavalcanti,valentim74@example.org,Fogaça de Pacheco,RJ,Atacado,2025-03-20
1289,Dr. Enzo Gabriel Andrade,icassiano@example.net,Sampaio,BA,Atacado,2025-07-07
1290,Dr. Gustavo Henrique Fernandes,fernando83@example.com,Martins,DF,Varejo,2024-10-12
1291,Danilo Moreira,maria-lauracarvalho@example.com,Freitas Verde,DF,Corporativo,2025-04-12
1292,Ana Beatriz Duarte,pireselisa@example.org,Leão,BA,Corporativo,2025-09-10
1293,Dr. Carlos Eduardo Cirino,ana-laura27@example.net,Sá,RJ,Varejo,2023-10-06
1294,Mirella Pastor,zsiqueira@example.com,da Cunha,RJ,Premium,2025-04-04
1295,Maitê Mendes,cda-rosa@example.org,Leão,RS,Atacado,2025-06-25
1296,Murilo Pastor,castroolivia@example.org,Peixoto do Galho,PE,Premium,2024-07-07
1297,Cecilia Cardoso,caue14@example.org,Marques das Flores,SC,Corporativo,2024-05-16
1298,Agatha Ribeiro,murilocavalcanti@example.com,Barros da Serra,DF,Atacado,2024-09-03
1299,Pedro Henrique Borges,leandrorodrigues@example.net,Abreu do Amparo,BA,Varejo,2024-05-07
1300,Sr. Ravy Novaes,nsampaio@example.com,Martins de Goiás,PE,Varejo,2024-01-29
1301,Carolina Dias,isabellyvargas@example.com,Rocha das Pedras,PR,Corporativo,2026-03-18
1302,Yasmin Barbosa,mariana90@example.org,Vargas,RJ,Varejo,2024-09-02
1303,Dr. Luigi Montenegro,pimentaisabella@example.org,Carvalho,MG,Premium,2025-10-18
1304,Augusto Cunha,luara15@example.com,Lima,PR,Premium,2024-04-24
1305,Leonardo Gomes,qandrade@example.com,Castro,PE,Atacado,2025-05-13
1306,Stella Caldeira,wbarros@example.net,Rezende,CE,Corporativo,2025-05-23
1307,Enrico Dias,nataliagomes@example.net,Albuquerque de Mendonça,BA,Corporativo,2026-06-14
1308,Maria Liz Lima,da-rosalais@example.com,Pereira,RJ,Corporativo,2025-08-02
1309,Maria Fernanda Vasconcelos,vsilva@example.net,Camargo da Serra,PE,Premium,2025-06-22
1310,Maria Isis Rocha,cassianoanthony-gabriel@example.com,Costa do Galho,RJ,Premium,2026-04-14
1311,Sra. Maya Aragão,cda-paz@example.org,Marques de Fonseca,SP,Varejo,2023-11-19
1312,Maria Eduarda da Cunha,rfernandes@example.com,Nogueira,SP,Premium,2024-10-22
1313,Juan Fogaça,calmeida@example.com,Porto do Norte,RJ,Atacado,2026-03-16
1314,Luiz Henrique Siqueira,nascimentoisabela@example.org,Barros,RS,Atacado,2025-12-12
1315,Davi Lucas Siqueira,marinalopes@example.com,Marques de Goiás,CE,Atacado,2025-11-24
1316,Natália Aparecida,duarteesther@example.org,Pereira,BA,Corporativo,2026-05-20
1317,Mateus Moraes,fernandesana-julia@example.com,Almeida da Serra,PE,Atacado,2024-10-06
1318,Dra. Anna Liz Lopes,vieiramatheus@example.net,da Rosa do Galho,SC,Atacado,2025-12-18
1319,Benicio Freitas,wcunha@example.com,Souza da Serra,MG,Corporativo,2024-11-06
1320,Ana Clara Pereira,anthony63@example.org,Ribeiro Grande,SC,Varejo,2024-11-02
1321,Ravi Peixoto,gael33@example.org,Câmara de Minas,DF,Atacado,2026-04-09
1322,Raul Pastor,mporto@example.com,Melo da Prata,PE,Corporativo,2023-09-22
1323,Dr. Liam Ferreira,dcassiano@example.net,Costela de Nascimento,SC,Varejo,2024-05-24
1324,Maria Julia da Cunha,qandrade@example.net,Pires,RS,Atacado,2025-09-27
1325,Manuella Barros,sofiafreitas@example.com,Sá Alegre,PR,Varejo,2025-08-04
1326,Nina Alves,lucas-gabrielpinto@example.com,Leão do Sul,DF,Varejo,2024-11-17
1327,Rebeca da Costa,inascimento@example.com,Brito,CE,Atacado,2025-05-09
1328,Heitor Camargo,luiz-henrique26@example.net,Fogaça do Oeste,BA,Premium,2025-06-13
1329,Lara Dias,heitor58@example.net,Câmara das Flores,RS,Corporativo,2025-10-10
1330,Laura Machado,luiz-gustavoguerra@example.com,Nascimento,RJ,Premium,2025-02-02
1331,Emanuella Rodrigues,gomeslarissa@example.com,Correia do Sul,PE,Premium,2026-04-21
1332,Davi Miguel Pimenta,peixotojulia@example.org,Pimenta de Goiás,DF,Corporativo,2024-05-18
1333,Olivia Rodrigues,freitasaugusto@example.net,Novaes do Galho,DF,Corporativo,2024-06-28
1334,Raul Freitas,luiz-fernandomelo@example.net,Duarte,DF,Varejo,2024-03-27
1335,Benício Alves,maria-eduardamarques@example.org,da Costa de Vieira,BA,Premium,2024-06-03
1336,Sarah Ramos,pereirabianca@example.org,Martins,PE,Atacado,2023-12-20
1337,Arthur Gabriel Rodrigues,emoreira@example.com,Viana,PR,Varejo,2025-06-11
1338,Vitor Gabriel Campos,macedomaria-luisa@example.net,da Rocha,MG,Premium,2025-05-13
1339,Srta. Maria Clara Guerra,ylima@example.org,Casa Grande,RJ,Atacado,2024-10-14
1340,Brenda Silveira,emanuellyjesus@example.net,Casa Grande de Goiás,PR,Varejo,2025-09-21
1341,João Brito,diogo77@example.org,Fernandes da Mata,MG,Premium,2025-07-24
1342,Dr. José Pedro Nunes,brayan22@example.net,Alves de Goiás,MG,Corporativo,2025-04-01
1343,Maria Cecília Silva,ana-liz29@example.net,Melo dos Dourados,SC,Atacado,2026-07-14
1344,Eduardo Souza,juanpereira@example.com,da Cunha de Goiás,DF,Corporativo,2023-10-16
1345,Kevin Casa Grande,da-luzemanuella@example.net,Mendes da Serra,SC,Atacado,2025-02-18
1346,Daniela Pastor,rebeca56@example.com,Moura,PE,Atacado,2025-09-20
1347,Rodrigo Garcia,riosdavi-lucca@example.com,das Neves,CE,Atacado,2024-07-19
1348,Dom da Mota,rezendematteo@example.com,Marques de Nunes,PE,Premium,2026-05-22
1349,Vinicius da Conceição,emanuellarios@example.org,Pires do Campo,MG,Atacado,2025-01-26
1350,Ana Lívia da Mata,araujomaite@example.net,da Cruz,BA,Corporativo,2024-10-04
1351,Srta. Isabelly da Conceição,ccavalcanti@example.net,Novaes Paulista,DF,Varejo,2024-01-22
1352,Srta. Ana Luiza Cardoso,davi33@example.org,Martins de Brito,BA,Varejo,2025-12-15
1353,Liam Vieira,costamaria-liz@example.org,Barros de Melo,PE,Atacado,2024-07-05
1354,Vitor Hugo Pastor,mariahda-rosa@example.net,Pacheco,RS,Corporativo,2025-07-01
1355,Pedro Miguel Vasconcelos,maria-aliceabreu@example.com,Peixoto Paulista,CE,Corporativo,2025-10-07
1356,Emanuelly Farias,smoraes@example.net,da Luz da Prata,SC,Corporativo,2024-09-23
1357,Dr. Theodoro das Neves,wcamargo@example.org,Abreu de Dias,SC,Corporativo,2025-11-02
1358,Sabrina Castro,davi-luccateixeira@example.com,Brito dos Dourados,PE,Atacado,2025-02-15
1359,Zoe Cirino,henriqueteixeira@example.org,das Neves,RJ,Varejo,2025-10-21
1360,Liam Vargas,rcaldeira@example.com,Oliveira,RS,Premium,2026-07-12
1361,Lorenzo Castro,isabelaviana@example.org,Pimenta,SP,Premium,2026-06-28
1362,Luan Moreira,mrezende@example.com,da Conceição Paulista,RS,Premium,2025-09-05
1363,Léo Casa Grande,brenda55@example.com,Lima Verde,MG,Corporativo,2025-05-06
1364,Alana Teixeira,aaraujo@example.com,Marques,DF,Corporativo,2024-11-01
1365,Guilherme Costela,ana-beatriz50@example.com,Vieira das Flores,CE,Varejo,2025-01-20
1366,Gabriela Cunha,gda-mota@example.org,Castro,DF,Varejo,2025-01-20
1367,Sra. Olivia Aparecida,tsales@example.com,da Mota,PR,Premium,2026-04-02
1368,Maria Flor Araújo,araujocaroline@example.com,Macedo da Mata,CE,Varejo,2024-02-22
1369,Catarina Souza,duartejulia@example.org,Pastor,PE,Atacado,2024-12-10
1370,Gabriela Novais,macedosamuel@example.com,Novais do Galho,SC,Varejo,2024-11-28
1371,Srta. Cecilia Vargas,vianaana-sophia@example.com,Souza de Cunha,RS,Premium,2024-06-15
1372,Dr. Ian Marques,brenda34@example.com,Carvalho,SP,Corporativo,2024-03-06
1373,Maria Sophia Lima,zmendonca@example.org,Moraes,PR,Premium,2025-04-05
1374,Pedro Henrique Andrade,stephany74@example.net,Porto de Minas,RJ,Corporativo,2023-12-29
1375,Ayla Novais,nascimentoliam@example.net,Oliveira,RJ,Atacado,2025-08-30
1376,Esther Sá,vargaslorena@example.com,Machado de Sousa,RS,Premium,2024-04-26
1377,Luísa Barbosa,camilamarques@example.net,Almeida das Flores,DF,Corporativo,2026-02-11
1378,André Pinto,aalmeida@example.org,Lima Grande,MG,Atacado,2024-10-09
1379,Luan Nascimento,qrezende@example.org,Silva Verde,RS,Atacado,2024-04-27
1380,Diogo Costela,luiz-miguel10@example.net,Vasconcelos,SP,Premium,2024-03-18
1381,Marcela Azevedo,ana-vitoria33@example.org,Castro das Pedras,CE,Premium,2024-10-28
1382,Henrique Vargas,benjamim27@example.org,Alves dos Dourados,DF,Atacado,2024-07-23
1383,Ana Julia Machado,mguerra@example.org,Pastor do Campo,BA,Premium,2024-01-25
1384,Thiago Pacheco,castrootto@example.org,Sousa de Pereira,PR,Premium,2025-03-12
1385,Sra. Maria Vitória Correia,fernandomontenegro@example.com,da Cunha de Moraes,CE,Varejo,2024-02-23
1386,Allana Abreu,zleao@example.org,Fonseca da Mata,MG,Corporativo,2023-12-13
1387,Letícia da Conceição,rezendeheloisa@example.com,da Mota,SP,Premium,2026-06-04
1388,Sr. Diego da Cruz,antonycardoso@example.net,Carvalho,MG,Atacado,2025-09-01
1389,Bento Peixoto,ana-beatrizfreitas@example.net,Castro das Pedras,RS,Atacado,2024-05-27
1390,Valentim Cassiano,emanuellacamargo@example.org,Monteiro,BA,Atacado,2024-07-16
1391,Nathan Pires,vinicius95@example.org,Farias,SC,Corporativo,2023-10-17
1392,Ana Beatriz Sousa,joanaaparecida@example.net,Teixeira do Galho,MG,Premium,2024-05-23
1393,Carlos Eduardo Albuquerque,pietro16@example.org,Melo,SC,Corporativo,2025-08-24
1394,Zoe Macedo,alexandredas-neves@example.com,da Cunha de Cardoso,PE,Varejo,2025-01-16
1395,Ágatha Fonseca,mendesmarina@example.net,Cardoso,RJ,Corporativo,2024-08-08
1396,Caroline Casa Grande,enzosouza@example.org,da Paz do Campo,CE,Premium,2024-09-25
1397,José Cirino,bella79@example.net,Teixeira Grande,BA,Corporativo,2025-01-24
1398,Maria Fernanda Ribeiro,bernardosouza@example.com,Vieira,PE,Premium,2024-07-06
1399,Anthony Gabriel Casa Grande,vieirarenan@example.org,Duarte do Sul,DF,Varejo,2026-02-07
1400,Rafaela Ferreira,jademachado@example.org,Pinto de da Luz,RJ,Corporativo,2025-12-28
1401,Bárbara Souza,olivia55@example.org,Fernandes do Amparo,BA,Varejo,2026-01-02
1402,Aylla Rios,rafaela41@example.com,Ramos do Sul,CE,Corporativo,2025-12-25
1403,Calebe da Conceição,hcamargo@example.net,Cardoso da Praia,RS,Corporativo,2024-12-22
1404,Maya Novaes,montenegroluiz-otavio@example.com,Casa Grande,RS,Corporativo,2026-07-26
1405,Antony Costa,sara92@example.net,Nascimento,PR,Premium,2025-03-19
1406,Heloísa Sales,evelyncastro@example.org,Porto,PR,Premium,2026-05-15
1407,Heloisa Sá,valentinapimenta@example.com,da Mota,CE,Atacado,2023-11-17
1408,Laís Gomes,dmelo@example.com,Silveira,DF,Corporativo,2024-12-12
1409,Breno da Cunha,oliver99@example.org,Sá,BA,Varejo,2025-06-01
1410,Diego Mendes,ryangoncalves@example.org,Gonçalves Verde,SP,Varejo,2024-06-29
1411,Luiz Fernando Barbosa,yuricarvalho@example.com,Silveira,PE,Varejo,2026-03-01
1412,Clarice Costela,rcasa-grande@example.com,Albuquerque do Campo,RJ,Atacado,2025-11-19
1413,Vinicius Caldeira,qda-conceicao@example.com,Campos da Prata,PE,Corporativo,2026-04-07
1414,Daniela Barbosa,yago06@example.com,Pires,SP,Corporativo,2025-08-27
1415,Eloá Santos,steixeira@example.org,Borges,RS,Atacado,2026-03-28
1416,Maria Cecília da Costa,bsampaio@example.com,Porto,PR,Atacado,2024-02-13
1417,João Guilherme da Cunha,larissa45@example.org,Brito,PR,Varejo,2025-09-26
1418,Thales Câmara,rrios@example.org,Novais de Pereira,BA,Premium,2026-01-28
1419,Stella Rios,maparecida@example.org,Oliveira,RJ,Premium,2024-01-28
1420,Isaque Fonseca,tgoncalves@example.net,Ferreira,MG,Varejo,2026-06-04
1421,Natália Oliveira,guerraluana@example.net,Cunha,SC,Premium,2026-01-30
1422,Apollo Pires,gael-henrique46@example.org,da Cunha de Fogaça,RS,Corporativo,2026-07-30
1423,Dr. Josué da Mota,dviana@example.com,Sampaio de Porto,RJ,Varejo,2024-10-15
1424,Gustavo Henrique Novais,isadora52@example.com,Farias,SP,Atacado,2025-03-02
1425,Zoe Sousa,anna-lizdas-neves@example.org,Porto,PE,Varejo,2025-05-25
1426,Dr. Francisco Sá,vferreira@example.com,Sá da Serra,MG,Atacado,2024-05-21
1427,Sr. Daniel Correia,natalia84@example.net,Gonçalves,CE,Corporativo,2026-04-20
1428,Srta. Fernanda Borges,silvajade@example.com,Silva,SP,Varejo,2025-02-12
1429,Maria Gonçalves,helenacaldeira@example.net,Pimenta Verde,BA,Varejo,2024-01-08
1430,Sr. Pedro Miguel Aparecida,agathacassiano@example.net,Alves do Amparo,SC,Atacado,2024-08-16
1431,Srta. Isabelly Câmara,zramos@example.org,Albuquerque,PE,Varejo,2024-12-07
1432,Antônio Pimenta,amacedo@example.net,Jesus,RS,Corporativo,2024-06-18
1433,Maria Liz Pires,qsouza@example.net,da Luz das Pedras,RJ,Varejo,2025-03-31
1434,Sr. Liam Nogueira,eduardo25@example.net,Vieira,RJ,Premium,2025-12-17
1435,Carolina Brito,unascimento@example.org,Silveira,BA,Premium,2025-02-25
1436,Dra. Heloisa Martins,caue79@example.com,Pastor de Lopes,MG,Corporativo,2023-12-12
1437,Antônio Novais,pnovais@example.org,Mendes Grande,MG,Atacado,2023-12-11
1438,Maria Azevedo,thiago09@example.com,Santos Grande,RJ,Varejo,2025-05-10
1439,Rael das Neves,bianca39@example.net,Casa Grande da Prata,DF,Atacado,2026-07-27
1440,Luara Abreu,silvaelisa@example.net,Vasconcelos,PE,Premium,2023-12-22
1441,Ana Luiza Moura,ksiqueira@example.net,da Cruz,RS,Atacado,2026-03-25
1442,Fernando Alves,hsiqueira@example.com,Brito,SC,Corporativo,2025-05-21
1443,Maria Julia Jesus,esampaio@example.org,Cirino do Campo,RS,Varejo,2024-12-29
1444,Sr. Pedro da Cunha,lborges@example.com,Costa de Goiás,RJ,Atacado,2025-03-01
1445,Anna Liz Fernandes,gsa@example.net,Almeida do Norte,RJ,Corporativo,2026-01-15
1446,Marcelo Brito,alexandremoura@example.org,Duarte,BA,Corporativo,2025-04-22
1447,Arthur Nunes,davi-miguel23@example.net,Cirino de Nascimento,BA,Atacado,2024-08-07
1448,Sr. Eduardo Peixoto,luiz-gustavo72@example.net,Macedo,RS,Premium,2023-10-20
1449,Ana Carolina Nascimento,das-nevesana@example.org,Rodrigues da Serra,RJ,Atacado,2026-03-07
1450,Eloah Brito,mcorreia@example.org,Marques da Prata,CE,Premium,2025-04-29
1451,Bruna Rios,fernandesthales@example.com,da Costa,SP,Premium,2025-10-04
1452,Nathan Aparecida,dante79@example.org,Ribeiro,RS,Atacado,2026-06-16
1453,Dr. Yago Ramos,alexiaduarte@example.org,Teixeira de Costa,SC,Premium,2024-12-01
1454,Mariane Guerra,fgarcia@example.com,Mendonça,SP,Atacado,2024-02-12
1455,Dr. Mathias das Neves,xviana@example.com,Moura,PE,Corporativo,2023-11-06
1456,Caio das Neves,ana-sophiasousa@example.org,Aragão,RJ,Atacado,2024-12-16
1457,Esther Fogaça,rodriguesluara@example.net,Moraes,PE,Varejo,2025-04-01
1458,Ana Clara Cunha,marquesmarcelo@example.org,Barbosa do Oeste,CE,Varejo,2025-10-11
1459,Anthony Gabriel Aparecida,scostela@example.org,Abreu de Goiás,BA,Premium,2026-06-23
1460,Sr. Mathias da Conceição,isadora02@example.org,Pinto,MG,Corporativo,2026-07-07
1461,Otávio Rodrigues,nicolas46@example.net,Leão,DF,Corporativo,2025-06-06
1462,Lara Correia,mda-cunha@example.org,Aparecida dos Dourados,BA,Atacado,2024-03-21
1463,Heloisa Barbosa,camargoliam@example.com,Cirino,PE,Varejo,2025-12-15
1464,Sr. José Miguel Rodrigues,ida-paz@example.com,Nunes Paulista,SP,Varejo,2024-02-18
1465,Miguel Costa,novaismaysa@example.org,Moreira,SP,Premium,2023-10-28
1466,Pietra Caldeira,da-conceicaobreno@example.com,Barros,RS,Varejo,2023-12-16
1467,Pedro Henrique Pimenta,luna27@example.net,Ribeiro,SP,Corporativo,2025-10-24
1468,Gustavo Henrique Silveira,caio90@example.org,da Cunha da Serra,CE,Premium,2025-02-27
1469,Gabriela Ramos,goncalvesgabrielly@example.org,Montenegro de Minas,CE,Corporativo,2024-08-17
1470,Gael Farias,calves@example.org,Pereira,SC,Corporativo,2025-12-02
1471,Enrico Casa Grande,danilo11@example.com,Pinto,RJ,Atacado,2024-05-23
1472,Sra. Maria Eduarda Andrade,gustavo-henriquerodrigues@example.org,Garcia,PR,Varejo,2023-09-08
1473,Ana Laura Gomes,camarabrayan@example.net,Almeida,PR,Varejo,2026-06-06
1474,Maria Isis da Paz,vmachado@example.org,Pimenta de da Cunha,CE,Atacado,2025-02-20
1475,Mirella Mendes,marianascimento@example.com,Casa Grande,MG,Premium,2024-11-21
1476,Emanuella Gomes,lorenzo50@example.com,Casa Grande do Norte,SC,Varejo,2025-08-17
1477,Ágatha da Conceição,ocardoso@example.com,Guerra,PR,Corporativo,2025-06-18
1478,Natália Siqueira,ymacedo@example.com,Fernandes Alegre,RS,Varejo,2026-07-02
1479,Catarina Silveira,samuelcunha@example.net,Nunes,RS,Varejo,2024-07-01
1480,Dra. Maria Clara Martins,pfreitas@example.com,Gonçalves,SC,Varejo,2024-04-09
1481,Bianca Nogueira,xda-rosa@example.net,Aragão do Oeste,PE,Varejo,2024-08-05
1482,Sr. Matheus Moreira,ccirino@example.org,Gomes,PR,Atacado,2026-01-31
1483,Emanuella da Mata,isadoraoliveira@example.org,Jesus,RJ,Varejo,2025-01-06
1484,Isabelly Sousa,mariahdias@example.net,Rocha,MG,Varejo,2024-01-31
1485,Bryan Almeida,aragaobianca@example.org,Fogaça do Oeste,MG,Corporativo,2024-04-23
1486,Leandro Azevedo,ana-vitoria97@example.com,Santos da Serra,BA,Premium,2024-11-26
1487,Carlos Eduardo Novais,kevincastro@example.com,Nascimento,MG,Premium,2026-04-20
1488,Eduarda Novais,rsampaio@example.net,Camargo,MG,Premium,2026-06-30
1489,Pedro Miguel Brito,carvalhogiovanna@example.com,Mendes da Serra,RJ,Varejo,2023-10-03
1490,Maria Cecília Macedo,manuelaalmeida@example.com,Fernandes de Minas,BA,Corporativo,2025-03-30
1491,Felipe Carvalho,aurorada-rocha@example.net,Fogaça,PR,Varejo,2026-03-27
1492,Allana Pinto,xcavalcante@example.com,Moraes,PR,Varejo,2024-11-11
1493,Amanda Mendonça,lucas-gabriel03@example.net,da Luz dos Dourados,PE,Corporativo,2025-07-06
1494,Sr. João Gabriel Souza,fribeiro@example.com,Cardoso,CE,Premium,2026-04-29
1495,Antony da Rosa,ecosta@example.com,Andrade Paulista,SP,Corporativo,2025-04-07
1496,Dr. Théo Viana,tjesus@example.com,Ferreira,DF,Atacado,2024-10-13
1497,Evelyn Mendonça,vitor17@example.net,Rios,BA,Atacado,2025-01-09
1498,Bruna Almeida,heitorda-cruz@example.org,Freitas,PR,Varejo,2023-12-12
1499,Isaac Vasconcelos,barbosaantony@example.net,Sousa,DF,Varejo,2025-02-13
1500,Ana Sophia Cassiano,vpires@example.net,Pimenta,RS,Varejo,2024-03-10
1501,Davi Miguel Costa,cirinofernando@example.net,Abreu,SP,Varejo,2025-07-06
1502,Isabel Costela,silvaemanuel@example.com,Pires do Galho,RS,Varejo,2024-06-28
1503,Fernanda Santos,tpereira@example.org,da Paz de Siqueira,PE,Premium,2026-07-19
1504,Ana Liz Macedo,nataliaabreu@example.org,Costa,SC,Atacado,2024-10-15
1505,Vitor Hugo Oliveira,josuesampaio@example.org,Cirino,MG,Varejo,2025-01-14
1506,Enrico Gonçalves,julia84@example.org,da Cunha da Praia,CE,Corporativo,2024-09-11
1507,Alana Rezende,alexia21@example.org,Monteiro,RS,Premium,2025-02-18
1508,Srta. Marina Barros,valbuquerque@example.net,Dias,RS,Corporativo,2026-03-04
1509,Sr. João Siqueira,manuella57@example.com,da Rosa de Teixeira,BA,Premium,2025-10-01
1510,Sr. Ian Pastor,bryansales@example.com,Martins dos Dourados,RJ,Premium,2025-01-18
1511,Nicole Martins,jcassiano@example.net,Leão do Sul,RJ,Varejo,2024-04-06
1512,Dr. Dom Guerra,arthur62@example.org,Cunha,MG,Atacado,2024-01-28
1513,Matteo Melo,vitor-hugofernandes@example.org,Monteiro,CE,Varejo,2025-05-04
1514,Kevin Novaes,rafael37@example.net,Lopes de Lopes,SC,Varejo,2024-05-08
1515,Ana Liz Fogaça,azevedoayla@example.net,Pereira de da Rocha,PE,Premium,2024-04-09
1516,Valentim Monteiro,laramendonca@example.org,Pires da Serra,PR,Premium,2025-02-09
1517,Luana Rodrigues,hpimenta@example.net,Moura,RJ,Corporativo,2024-11-13
1518,Dr. Davi Lucas Freitas,bazevedo@example.com,Leão de Goiás,SP,Premium,2024-07-24
1519,Sr. Levi Porto,rviana@example.net,Oliveira Alegre,RS,Premium,2024-06-30
1520,Lorenzo Viana,renanda-cruz@example.com,Almeida de Dias,DF,Premium,2025-11-04
1521,Matheus Sá,aurorabarros@example.net,Martins de Pereira,DF,Atacado,2024-10-20
1522,Rael Gomes,yurisilva@example.org,Vasconcelos do Norte,PE,Premium,2025-09-07
1523,Henry Gabriel Porto,duarteeduarda@example.net,Novais de Casa Grande,DF,Corporativo,2024-10-30
1524,Dr. Levi Pereira,marcos-viniciuspeixoto@example.net,da Rocha,RS,Atacado,2023-12-06
1525,Srta. Valentina Montenegro,theo66@example.net,da Rosa,MG,Varejo,2024-10-12
1526,Diego da Rocha,alveslaura@example.org,Martins Grande,SC,Varejo,2025-07-27
1527,Maria Helena Novais,liviateixeira@example.com,da Mota,RS,Premium,2025-08-11
1528,Gael Henrique Santos,kda-paz@example.net,Duarte,SP,Premium,2023-09-29
1529,Benjamim Duarte,jfreitas@example.com,Novaes do Sul,SP,Corporativo,2026-05-06
1530,Luna Gonçalves,beatrizpimenta@example.org,Duarte Verde,PR,Varejo,2026-02-02
1531,Thomas Araújo,maysaazevedo@example.org,Cassiano,RS,Atacado,2024-02-08
1532,Elisa Silva,franciscosa@example.com,Fernandes de Minas,SC,Corporativo,2025-06-05
1533,Sr. Thales Guerra,mouralara@example.net,Sales Grande,SP,Atacado,2026-01-01
1534,Gustavo Henrique Machado,igorteixeira@example.com,da Costa,PR,Varejo,2023-11-29
1535,Amanda Aragão,maria-luizaaparecida@example.org,Teixeira,SP,Atacado,2024-08-29
1536,Davi Miguel Montenegro,ayla66@example.org,Monteiro do Sul,CE,Corporativo,2026-07-09
1537,Dra. Maria Vitória Novaes,aparecidamurilo@example.net,Costela,BA,Corporativo,2024-08-24
1538,Rebeca Abreu,enrico95@example.net,Gonçalves,RJ,Varejo,2024-07-29
1539,Vitor Gabriel Abreu,vitor85@example.net,Castro do Oeste,CE,Atacado,2026-04-03
1540,Lucas Gabriel Costa,vicente61@example.net,Machado do Sul,SC,Varejo,2025-07-26
1541,Sophie Vargas,lcostela@example.org,Gomes,DF,Varejo,2024-02-15
1542,Srta. Gabriela Teixeira,paulo94@example.com,Aragão de Ramos,SC,Atacado,2026-05-02
1543,José Cunha,das-nevesapollo@example.org,Farias,RS,Premium,2024-07-19
1544,Maria Julia Silveira,maria-cecilia69@example.org,Mendes de Novais,PR,Premium,2026-03-18
1545,Josué Barbosa,abreubento@example.net,Albuquerque,SC,Premium,2024-11-02
1546,Kevin Macedo,ksiqueira@example.org,Aragão,BA,Corporativo,2025-03-27
1547,Gabriel Lima,dom46@example.net,da Rosa,PR,Atacado,2023-10-27
1548,Kevin Casa Grande,maria-alice31@example.net,Melo,RJ,Atacado,2024-05-31
1549,Daniel Borges,maria-alicepacheco@example.net,da Mata do Sul,MG,Varejo,2026-01-24
1550,Ana Luiza Siqueira,pedroazevedo@example.com,Alves do Norte,MG,Varejo,2025-10-14
1551,Nina Jesus,apollooliveira@example.org,Vargas,MG,Corporativo,2024-11-12
1552,Sra. Pietra Costa,benicio43@example.org,Abreu de Rezende,PE,Premium,2023-11-10
1553,Maya Novais,ovieira@example.net,da Paz,SC,Varejo,2025-03-21
1554,Léo Marques,knogueira@example.com,Silveira da Prata,CE,Premium,2025-12-21
1555,Lorenzo Sousa,joana29@example.com,Martins da Praia,RS,Corporativo,2024-11-30
1556,Thales Rocha,bfonseca@example.org,Carvalho Alegre,PR,Corporativo,2025-03-13
1557,Nina Machado,bryanfernandes@example.net,Peixoto,PR,Varejo,2025-02-14
1558,Eduarda Oliveira,noahsales@example.com,Leão,RJ,Atacado,2024-02-23
1559,Ísis Aparecida,oliveiraanthony@example.com,Sousa,PR,Varejo,2024-08-20
1560,Lívia Mendonça,duarteevelyn@example.net,Moreira das Flores,RS,Premium,2024-08-08
1561,Marcela Souza,wsales@example.org,Porto,MG,Varejo,2026-05-30
1562,Daniela Sales,alexandrevieira@example.net,Monteiro,RS,Premium,2024-04-14
1563,Leandro da Costa,nda-rosa@example.net,Correia,SC,Varejo,2023-10-09
1564,Arthur da Rocha,costelamarcelo@example.net,Azevedo,PR,Premium,2024-09-30
1565,Bárbara Lima,isis09@example.com,Gomes da Praia,MG,Varejo,2024-07-22
1566,Paulo Pinto,nporto@example.net,Rocha,SC,Corporativo,2025-10-05
1567,Theo Dias,bento47@example.com,Lima,CE,Atacado,2026-03-03
1568,Marcela Rodrigues,yalves@example.org,Teixeira de Borges,RJ,Corporativo,2025-09-09
1569,Yago Borges,da-cruzgabriel@example.com,Souza Alegre,RJ,Atacado,2024-09-11
1570,Olivia Andrade,ana-luiza87@example.org,Brito do Sul,RJ,Varejo,2026-07-31
1571,Arthur Montenegro,gazevedo@example.org,da Mota de Sampaio,SP,Atacado,2026-01-27
1572,Zoe Rezende,da-cunhaisaac@example.net,Cavalcanti de Machado,MG,Atacado,2024-12-01
1573,Asafe da Rocha,leticia12@example.org,Mendes,SC,Premium,2025-09-27
1574,André Gomes,fernandaaparecida@example.com,Câmara,RJ,Premium,2025-02-12
1575,Sabrina da Conceição,hsampaio@example.org,Carvalho,RJ,Varejo,2024-03-26
1576,Dra. Amanda Macedo,yfonseca@example.net,Almeida do Galho,RJ,Atacado,2025-03-28
1577,Ísis Caldeira,cmelo@example.com,Novais das Pedras,PE,Atacado,2023-12-15
1578,Caio da Luz,maria-laura68@example.org,Campos,RJ,Premium,2023-10-10
1579,Caio Oliveira,matteomachado@example.net,Novais Paulista,RJ,Varejo,2025-09-14
1580,Francisco Pacheco,jcamargo@example.org,Costa,PE,Varejo,2024-04-18
1581,Davi Luiz Souza,xalbuquerque@example.org,Camargo,MG,Corporativo,2025-11-25
1582,Juliana Pacheco,da-rosajoao-guilherme@example.com,Mendes,SC,Corporativo,2024-07-30
1583,Renan Mendes,gcunha@example.org,Novaes da Prata,SP,Corporativo,2023-12-22
1584,Davi Lucas Moraes,davi-luizmendes@example.net,Nunes,SC,Atacado,2024-05-15
1585,Noah Pires,rael46@example.org,Aparecida Alegre,BA,Atacado,2025-05-08
1586,Gael Rios,heloisa79@example.org,Mendes,MG,Premium,2026-04-15
1587,Maria Luísa Ramos,rodrigopeixoto@example.net,Monteiro de Minas,PR,Corporativo,2025-07-06
1588,Ana Leão,novaisenzo-gabriel@example.net,Vargas,MG,Varejo,2026-05-26
1589,Léo da Mota,ana-julia89@example.com,Melo do Galho,DF,Atacado,2025-09-29
1590,Cecilia Melo,fernando75@example.net,da Cunha,PR,Corporativo,2026-05-07
1591,João Gabriel da Paz,ana-sophiaduarte@example.org,Ferreira,SC,Corporativo,2024-12-21
1592,Lucas Gabriel Moreira,qda-mota@example.net,Rios do Oeste,SP,Varejo,2026-04-12
1593,Juan Correia,vitoria85@example.org,Pacheco de Moreira,PR,Corporativo,2024-05-29
1594,João Vitor Porto,noahpeixoto@example.net,Cirino do Amparo,MG,Corporativo,2025-04-07
1595,Matteo Mendes,maria-clara85@example.org,Pereira de Minas,RS,Atacado,2024-09-29
1596,Marcos Vinicius Novaes,eabreu@example.org,Monteiro dos Dourados,CE,Varejo,2026-01-05
1597,Kamilly Moraes,rcosta@example.org,Pires do Amparo,SC,Premium,2026-03-15
1598,Renan Lopes,hdias@example.org,Campos,PE,Corporativo,2025-03-17
1599,Asafe Azevedo,henrique88@example.com,Viana,BA,Premium,2024-01-29
1600,Dra. Mariana Costela,ribeirodante@example.org,Fernandes,SC,Premium,2026-04-29
1601,Sra. Larissa Lopes,ravicamara@example.net,Novaes da Praia,MG,Varejo,2024-09-04
1602,Antônio Novaes,pedro-lucas26@example.org,Castro,BA,Atacado,2024-01-22
1603,Júlia Mendonça,britothales@example.com,da Costa,SP,Premium,2025-08-16
1604,Eloah Cavalcanti,alanacaldeira@example.org,Rios,SP,Corporativo,2024-12-25
1605,Maria Isis Machado,ravibrito@example.org,Silva dos Dourados,CE,Premium,2025-07-21
1606,Matheus Pimenta,ialmeida@example.com,Rocha,DF,Atacado,2025-10-05
1607,Valentina Fernandes,asafe78@example.net,Macedo do Oeste,MG,Varejo,2025-04-04
1608,Breno Peixoto,ycavalcante@example.com,Cunha,RS,Atacado,2025-01-03
1609,Dr. João Guilherme da Cruz,ravi69@example.com,Rodrigues,PR,Varejo,2026-01-25
1610,Benício Machado,gomescatarina@example.com,Almeida do Amparo,RS,Corporativo,2025-07-11
1611,Sra. Mariana Borges,wda-cunha@example.org,Fonseca Paulista,BA,Atacado,2025-09-15
1612,Enzo Gabriel Câmara,brayangarcia@example.com,Teixeira,MG,Atacado,2024-08-23
1613,Emanuel Borges,da-cunhaemanuel@example.net,Machado Grande,DF,Premium,2024-12-01
1614,Pedro Henrique da Mota,rauljesus@example.com,Moreira,BA,Varejo,2023-12-15
1615,Caleb Pinto,oliveiraluiz-gustavo@example.com,Lima de Cavalcante,BA,Atacado,2024-09-03
1616,Gael Henrique Pereira,azevedoguilherme@example.com,Nascimento,DF,Atacado,2024-03-13
1617,Maria Eduarda Silveira,leandronascimento@example.org,Viana,PE,Premium,2023-09-16
1618,Sr. João Gabriel Moraes,montenegromirella@example.org,Carvalho da Serra,MG,Corporativo,2023-11-17
1619,Daniela Cardoso,emillyoliveira@example.com,da Cruz de Marques,SP,Varejo,2024-06-01
1620,Srta. Isadora Castro,azevedogabriela@example.org,da Paz,SP,Atacado,2025-08-18
1621,Rebeca Rocha,inovaes@example.net,Moura dos Dourados,DF,Atacado,2026-06-04
1622,Maria Viana,qsa@example.net,Cavalcante do Galho,SP,Corporativo,2025-10-18
1623,Arthur Miguel Costela,peixotoemilly@example.com,Pereira,SP,Premium,2025-06-04
1624,Maria Flor da Rosa,benicio57@example.org,Cunha,DF,Atacado,2025-07-10
1625,Clara Machado,ana-juliagoncalves@example.org,Almeida,MG,Premium,2024-08-20
1626,Isis Mendonça,tmartins@example.com,Costela dos Dourados,MG,Premium,2024-03-23
1627,Ana Júlia da Cruz,guilhermeda-rocha@example.com,Ferreira,SP,Varejo,2025-08-25
1628,Marina Barbosa,daniela88@example.com,Mendes,MG,Atacado,2023-12-17
1629,Dr. Gael das Neves,antoniobrito@example.org,Araújo do Sul,RJ,Premium,2025-11-02
1630,Vicente Freitas,machadoisis@example.com,Ferreira de Pinto,RJ,Premium,2025-01-22
1631,Léo Aragão,macedomariah@example.com,Rios,SC,Varejo,2026-01-01
1632,Dra. Sofia Azevedo,gabrielafarias@example.net,Siqueira de Silveira,BA,Premium,2026-05-16
1633,Diego Casa Grande,franciscopimenta@example.com,Gonçalves de Goiás,BA,Atacado,2023-11-07
1634,Kevin Albuquerque,mathiasleao@example.net,Leão,MG,Corporativo,2024-04-25
1635,Jade Costela,azevedoluan@example.org,Siqueira do Amparo,PE,Premium,2023-12-14
1636,Ravi Lucca Cavalcante,fcamargo@example.net,Fernandes de Pimenta,MG,Premium,2025-04-03
1637,Joana Oliveira,beatriz82@example.net,Peixoto de Goiás,RS,Atacado,2024-08-19
1638,Pedro Henrique Mendes,bella84@example.com,Aragão Verde,SC,Premium,2024-12-12
1639,Cauê Casa Grande,pedro-lucasda-cruz@example.com,Brito,PR,Atacado,2025-12-23
1640,Maria Cecília Jesus,kleao@example.com,Barros de Goiás,MG,Varejo,2024-05-12
1641,Rafaela Ribeiro,vasconcelosana-sophia@example.org,Guerra das Pedras,DF,Corporativo,2024-04-29
1642,Olívia Alves,ester14@example.org,Mendonça de Gonçalves,DF,Varejo,2026-03-05
1643,Nathan Lopes,allanada-cruz@example.net,Fernandes,MG,Premium,2024-05-07
1644,Lunna Pastor,gbarros@example.org,Vieira,DF,Atacado,2023-09-16
1645,Vitor Hugo Lima,cauaabreu@example.com,Andrade,DF,Varejo,2024-03-28
1646,Luiz Otávio Rocha,erick02@example.com,Brito do Norte,PE,Atacado,2026-02-24
1647,Asafe Pimenta,correialuigi@example.com,Caldeira de da Mata,BA,Varejo,2026-03-12
1648,Vinicius Barbosa,joao-guilherme17@example.net,Castro do Galho,RS,Premium,2024-01-30
1649,Heloisa Sales,benicio65@example.net,Sales,BA,Atacado,2025-09-06
1650,Maria Alice Moraes,ana-beatriz66@example.org,Rios Alegre,RJ,Premium,2024-07-26
1651,Ravi Cassiano,brayanbarros@example.org,Casa Grande,PE,Varejo,2024-02-17
1652,Carolina Cassiano,da-pazbrenda@example.net,Pacheco de Goiás,PR,Atacado,2025-09-20
1653,Maria Luísa Campos,otto70@example.com,Gonçalves,RS,Varejo,2024-06-26
1654,Sr. Benicio Andrade,heloisa27@example.com,Viana Alegre,BA,Premium,2025-08-01
1655,Luan Souza,uribeiro@example.net,Abreu,RJ,Varejo,2024-05-15
1656,Oliver Borges,jfarias@example.org,da Costa,SP,Corporativo,2025-11-07
1657,Sabrina da Mota,luiz-miguelleao@example.org,Pires,PE,Corporativo,2025-03-16
1658,Sra. Maria Fernanda Fernandes,caldeiramaria-sophia@example.net,Cunha,MG,Corporativo,2024-04-19
1659,Dr. Vinícius Gonçalves,luaravargas@example.net,Marques,PE,Corporativo,2026-03-09
1660,Lavínia Nascimento,saparecida@example.com,Jesus,BA,Corporativo,2026-03-06
1661,Ana Luiza Melo,mmartins@example.net,Dias,RJ,Corporativo,2026-03-08
1662,Rael da Luz,breno39@example.com,da Luz do Sul,DF,Atacado,2025-12-05
1663,Asafe Câmara,zda-costa@example.org,Aragão de Minas,MG,Corporativo,2024-11-01
1664,Ísis Leão,montenegroana-laura@example.net,Monteiro,RJ,Varejo,2026-02-20
1665,Vitor Ribeiro,igor36@example.net,Cavalcanti da Prata,PR,Varejo,2026-06-18
1666,Anthony Gabriel Rodrigues,vbarros@example.net,Mendes,BA,Premium,2023-10-05
1667,Davi Lucca Souza,lucca44@example.com,Lima,RJ,Varejo,2024-07-16
1668,Srta. Maria Cecília Brito,ana-luiza88@example.net,Barbosa,BA,Atacado,2024-05-01
1669,Alexandre da Costa,vasconcelosvitor-hugo@example.org,Teixeira,SC,Atacado,2025-08-04
1670,Sr. Theodoro Vargas,hmoraes@example.com,Viana de Minas,RJ,Varejo,2025-03-09
1671,Luiz Gustavo Cavalcanti,icorreia@example.com,Pinto,BA,Corporativo,2024-01-15
1672,Enrico Casa Grande,lorenzo88@example.org,Sá de Pires,SP,Corporativo,2025-03-01
1673,Luigi Gomes,zcaldeira@example.net,Cunha da Serra,MG,Corporativo,2024-06-24
1674,Rafaela Vasconcelos,souzarafael@example.net,Novais de Vargas,MG,Varejo,2025-08-14
1675,Luna Ramos,miguel00@example.com,Abreu,RJ,Premium,2026-02-05
1676,Sr. Marcelo Rezende,kamilly05@example.com,Carvalho,RS,Atacado,2024-01-30
1677,Stephany Novais,pastorjoao-gabriel@example.com,Novaes de Novaes,SC,Premium,2025-02-13
1678,Arthur Gabriel Viana,samuel48@example.com,Andrade do Campo,PR,Premium,2023-11-27
1679,Davi Miguel Sampaio,gabrielly24@example.com,Barbosa do Galho,RS,Varejo,2025-03-21
1680,Theo das Neves,joana00@example.com,Cirino de Minas,SP,Corporativo,2024-04-03
1681,Beatriz Fonseca,britovinicius@example.com,Campos da Serra,DF,Corporativo,2026-02-14
1682,Bruno da Conceição,da-motaana-livia@example.net,Silva,MG,Varejo,2026-01-02
1683,Ísis da Rosa,guilherme60@example.com,Borges Alegre,BA,Varejo,2024-10-24
1684,Srta. Cecilia Azevedo,pastoranthony@example.org,Aparecida de Melo,SC,Varejo,2025-03-16
1685,Ágatha Caldeira,liam98@example.org,Farias,PR,Corporativo,2024-05-21
1686,Cauã Pires,melopedro-henrique@example.net,Cavalcante,RS,Varejo,2026-07-29
1687,Isabella Jesus,rodriguesrebeca@example.com,Monteiro,SP,Atacado,2025-12-31
1688,Bento Lopes,hellenacorreia@example.net,Ferreira Grande,MG,Premium,2025-05-23
1689,Maria Sophia Pacheco,vitor-gabriel39@example.org,da Cunha do Amparo,RJ,Corporativo,2023-09-05
1690,Nathan Pastor,thiagosales@example.org,Ramos,RJ,Premium,2026-02-20
1691,Josué Cardoso,da-conceicaotheo@example.net,Siqueira,SC,Corporativo,2023-12-24
1692,Maria Laura Carvalho,yuricamargo@example.net,Rezende,PE,Premium,2024-07-25
1693,Srta. Alice Jesus,fernandesnoah@example.com,Casa Grande,RJ,Corporativo,2026-06-05
1694,Léo Duarte,qgarcia@example.net,Macedo do Oeste,MG,Premium,2026-05-16
1695,Gustavo Gomes,marcos-vinicius37@example.com,Lopes do Norte,SC,Premium,2024-09-28
1696,Pedro Martins,daviviana@example.org,Moura de da Rocha,MG,Corporativo,2024-07-15
1697,Brenda da Paz,aliceda-mota@example.org,Vargas do Sul,SP,Premium,2025-09-07
1698,Ana Luiza Pastor,tferreira@example.net,Machado,PE,Corporativo,2024-07-11
1699,Sra. Pietra Gomes,lorenzo73@example.com,Almeida,PR,Atacado,2024-09-01
1700,Raquel Gomes,nicoleramos@example.org,da Mata,PR,Varejo,2025-04-01
1701,Jade Sales,da-matapietra@example.com,Almeida de Minas,MG,Varejo,2026-01-31
1702,Isaque da Paz,samuel89@example.net,Pires,RJ,Premium,2025-10-14
1703,Agatha Cassiano,duartelarissa@example.net,Abreu do Amparo,CE,Corporativo,2024-06-29
1704,Cauê Siqueira,lais44@example.net,Pires,DF,Atacado,2025-05-19
1705,Maria Alice Brito,ayllaaparecida@example.com,Melo de Goiás,CE,Varejo,2025-12-08
1706,Dr. Ian Lopes,saleseduardo@example.org,da Conceição,SC,Corporativo,2025-06-02
1707,Gustavo Martins,vnascimento@example.org,Rodrigues,CE,Corporativo,2026-01-02
1708,Catarina Câmara,pedro-henriquefreitas@example.org,da Cunha,DF,Atacado,2023-09-21
1709,Maria Luísa Campos,manuella31@example.com,Pimenta,PE,Premium,2024-03-05
1710,José Vieira,caiomelo@example.net,Nogueira da Serra,RJ,Corporativo,2026-06-20
1711,Dra. Alana Mendonça,julianafarias@example.org,Montenegro,SP,Atacado,2026-02-24
1712,João Lucas Abreu,wsampaio@example.com,Novais de Sampaio,RJ,Corporativo,2024-05-15
1713,Calebe Pires,riosyan@example.org,Castro,MG,Atacado,2024-08-31
1714,Srta. Emanuelly Costa,miguelcardoso@example.com,Araújo de Ribeiro,RS,Atacado,2025-08-01
1715,Davi Luiz Andrade,silveiranicolas@example.com,Rodrigues das Pedras,MG,Varejo,2024-04-29
1716,Srta. Eduarda Melo,kabreu@example.com,Nascimento,SC,Varejo,2024-06-01
1717,Mariah Caldeira,teixeiralevi@example.org,Cassiano,SC,Atacado,2025-06-08
1718,Pedro Henrique da Conceição,vitorsilva@example.net,Machado da Serra,MG,Premium,2026-03-14
1719,Helena Machado,ncavalcanti@example.com,Dias Paulista,BA,Varejo,2026-04-01
1720,Antônio Costa,yda-rocha@example.net,Borges de Pacheco,RJ,Corporativo,2024-02-29
1721,Srta. Ana Júlia da Conceição,novaismaria-luiza@example.com,Aragão,CE,Corporativo,2025-11-15
1722,Vitor Gabriel da Conceição,rodrigoaragao@example.net,da Costa,CE,Premium,2025-12-18
1723,Antonella Fernandes,da-luzvicente@example.com,Cavalcanti,PR,Corporativo,2023-11-10
1724,Rebeca Costela,pedro-lucassampaio@example.net,Moreira,SP,Corporativo,2024-04-19
1725,Melina Barbosa,osilveira@example.net,Sousa,RJ,Corporativo,2025-01-14
1726,Eloah Rodrigues,barbara00@example.org,Vasconcelos,MG,Atacado,2026-07-01
1727,Srta. Ana Barros,lucas91@example.org,Mendes,DF,Varejo,2024-02-02
1728,Zoe Ramos,danilo90@example.net,Fogaça,RJ,Varejo,2024-12-31
1729,Bruna Vieira,ana42@example.org,Peixoto,PR,Premium,2026-07-06
1730,Ágatha Mendes,mariane81@example.org,Teixeira,SC,Premium,2024-11-24
1731,Ana Cecília Dias,cmelo@example.net,Martins do Sul,SC,Corporativo,2023-11-10
1732,Ana Julia Abreu,samuel65@example.net,Borges da Praia,DF,Corporativo,2025-11-12
1733,Vinícius Cassiano,juliacassiano@example.com,Duarte,SP,Atacado,2025-03-30
1734,Ana Julia Fonseca,luigi96@example.net,Novaes,PR,Corporativo,2023-11-03
1735,Olivia Aragão,pcostela@example.com,Pinto de Fogaça,MG,Corporativo,2023-09-29
1736,Valentina Cirino,davi-luccaaraujo@example.com,Campos,SP,Corporativo,2025-05-03
1737,Vinícius Campos,da-luzvalentim@example.net,Novaes,BA,Atacado,2025-09-07
1738,Isadora Moreira,gabrielasilva@example.org,Guerra,SP,Corporativo,2024-10-23
1739,Eduardo Rocha,casa-grandeisabelly@example.net,Silveira da Serra,PR,Premium,2025-11-21
1740,Lorena Jesus,liam03@example.com,Freitas,SP,Premium,2025-12-01
1741,Hadassa Caldeira,theodoro17@example.org,da Rocha das Flores,PR,Premium,2024-05-03
1742,Dr. João Vitor Aparecida,isisviana@example.org,Fernandes da Prata,PR,Corporativo,2026-07-30
1743,Juan Correia,riosenzo-gabriel@example.com,das Neves das Pedras,RJ,Atacado,2024-11-10
1744,Théo Oliveira,vargasrael@example.net,Freitas,MG,Premium,2024-09-12
1745,Sarah Moreira,yurifarias@example.net,Martins,PE,Premium,2026-04-07
1746,Srta. Manuela Andrade,danilo43@example.org,Costela,PR,Corporativo,2025-03-07
1747,Vinicius da Cunha,joaquim63@example.org,Borges,DF,Varejo,2024-01-27
1748,Dra. Mirella Moura,ysilveira@example.org,Pereira,RS,Corporativo,2024-07-07
1749,Caleb Pires,marinacunha@example.org,Ramos Alegre,RS,Corporativo,2024-08-18
1750,Nicolas Andrade,barrosmirella@example.com,Gomes do Campo,PE,Premium,2025-08-20
1751,Maria Luísa Vasconcelos,albuquerqueleo@example.org,Alves,SP,Atacado,2026-03-01
1752,Lucas Gabriel Vasconcelos,da-cruzgabriela@example.com,Porto de Sampaio,RJ,Premium,2025-10-14
1753,João Miguel Peixoto,silveirakamilly@example.org,Gonçalves,CE,Corporativo,2025-03-27
1754,Manuella Carvalho,barbosaana-livia@example.net,Campos,MG,Varejo,2025-11-28
1755,Laura Caldeira,rael36@example.net,Fernandes de Alves,MG,Atacado,2026-03-02
1756,Nicolas Correia,levicunha@example.net,Barbosa,RS,Varejo,2024-09-10
1757,Kamilly Farias,larissa11@example.com,Sampaio,RS,Varejo,2024-12-02
1758,Vicente Nascimento,csouza@example.com,Vasconcelos,PE,Varejo,2025-02-08
1759,Thales Gonçalves,ylopes@example.net,Moreira,BA,Atacado,2024-01-30
1760,Davi Lucas Lima,aparecidamatheus@example.org,Fonseca,PR,Premium,2025-05-01
1761,Aurora Teixeira,gomesleandro@example.net,Barbosa de Duarte,PE,Corporativo,2024-07-29
1762,Erick Vargas,thomasfernandes@example.com,Lopes,RJ,Varejo,2025-11-01
1763,Emilly Lopes,mendoncamaria-vitoria@example.com,Pinto,RS,Premium,2024-07-26
1764,Julia da Rocha,camargorodrigo@example.com,Vieira,PE,Corporativo,2025-11-30
1765,Evelyn Fernandes,renan78@example.net,Jesus,MG,Corporativo,2023-11-13
1766,Igor Ramos,josue01@example.net,Machado do Sul,DF,Premium,2026-03-31
1767,Thiago Freitas,da-rochaallana@example.net,Almeida,BA,Atacado,2025-08-06
1768,Enzo Guerra,nvargas@example.net,Vasconcelos da Mata,PR,Varejo,2026-01-08
1769,Mirella Borges,joao-vitor85@example.net,Porto Verde,PR,Varejo,2024-09-22
1770,Lucas Nunes,da-rochaasafe@example.net,Nunes do Oeste,SC,Varejo,2024-06-01
1771,Cauê Cirino,ana-beatrizvasconcelos@example.org,Guerra Verde,MG,Atacado,2026-01-19
1772,Nicolas Pinto,novaismaria-julia@example.org,Porto do Campo,RS,Atacado,2025-08-13
1773,Ana Ramos,vcavalcanti@example.org,Novais de Goiás,RS,Premium,2025-11-18
1774,Hellena Duarte,ryan82@example.net,da Paz,SC,Varejo,2023-09-07
1775,Dr. Dante Casa Grande,bfernandes@example.net,Guerra,SP,Corporativo,2026-03-08
1776,Sr. Pedro Henrique Ribeiro,francisco86@example.net,Ferreira das Pedras,MG,Atacado,2026-05-09
1777,Henrique Albuquerque,glima@example.net,Vargas,DF,Varejo,2024-06-24
1778,Luara Oliveira,isaque43@example.com,Nogueira Grande,RS,Premium,2024-09-10
1779,Luana Moraes,bruno02@example.com,Abreu,DF,Premium,2023-09-13
1780,Sophie Lopes,egomes@example.org,Teixeira,PR,Corporativo,2025-04-26
1781,Gabriela Barbosa,riosmatheus@example.net,Alves do Norte,SC,Premium,2023-12-14
1782,Vitória Araújo,enrico49@example.org,Aragão dos Dourados,PE,Premium,2025-05-28
1783,Vicente Costa,aramos@example.net,Aragão,RS,Corporativo,2025-03-28
1784,João Lucas da Mata,monteirolunna@example.com,Gonçalves da Serra,PR,Corporativo,2023-12-02
1785,Sra. Cecilia Silveira,ateixeira@example.net,Peixoto,DF,Varejo,2024-04-03
1786,Sr. Caleb Souza,osilveira@example.com,Aragão da Serra,SP,Premium,2026-01-28
1787,Dra. Ana Lívia Vargas,augusto68@example.net,Azevedo do Oeste,CE,Premium,2024-07-07
1788,Rafael da Conceição,cardosoana-sophia@example.com,Costa,PR,Varejo,2025-02-19
1789,Bianca Martins,martinsantonio@example.org,Rocha,PE,Varejo,2024-02-07
1790,Enrico Abreu,ocamargo@example.com,Moraes,BA,Premium,2026-07-09
1791,Sr. Ravi Lucca Monteiro,fernanda13@example.org,Barbosa de Rios,BA,Premium,2025-12-27
1792,Leandro da Luz,silveiralucca@example.net,Aragão Grande,PR,Premium,2025-05-09
1793,Thomas Aparecida,lopesyuri@example.com,da Costa,RS,Atacado,2025-08-04
1794,José Caldeira,imelo@example.org,Martins,CE,Atacado,2025-10-18
1795,Sophie Cavalcante,domalbuquerque@example.org,Mendonça,SP,Corporativo,2026-03-05
1796,Emilly Caldeira,vicentemoreira@example.com,Oliveira,BA,Atacado,2025-12-29
1797,Dr. Pedro Lucas da Conceição,ida-conceicao@example.org,Moraes,SP,Corporativo,2024-06-04
1798,Luiza Jesus,fernandesraul@example.net,Sousa de Almeida,PR,Premium,2025-10-07
1799,Dra. Ísis Silveira,rguerra@example.org,Mendes de Sampaio,SC,Corporativo,2023-12-06
1800,Sara da Costa,xmoreira@example.org,Fonseca,SC,Varejo,2023-09-06
1801,Ágatha Casa Grande,ribeiroluigi@example.org,Pires,DF,Atacado,2025-02-26
1802,Sr. Caio Gonçalves,arthur58@example.com,Rodrigues,BA,Atacado,2024-10-18
1803,Clarice Siqueira,moreiraluiz-fernando@example.org,Duarte,CE,Corporativo,2026-02-01
1804,Mirella Sá,novaissophie@example.net,da Costa das Pedras,BA,Premium,2026-04-28
1805,Ágatha da Paz,castrojose@example.org,Andrade de Goiás,MG,Atacado,2026-06-27
1806,Marina Silveira,natalia42@example.com,Sousa do Galho,PR,Varejo,2026-01-09
1807,Ana Luiza Ramos,da-pazcecilia@example.com,Sá de Andrade,PE,Atacado,2026-06-16
1808,Ayla Fogaça,benjamimpimenta@example.com,Garcia de Minas,PR,Atacado,2026-04-13
1809,Ravi Monteiro,igomes@example.org,Montenegro do Amparo,BA,Varejo,2024-04-29
1810,Liam Moreira,marinasouza@example.org,Rodrigues do Galho,RS,Premium,2023-09-04
1811,Ester Rodrigues,emillyaragao@example.net,Alves da Praia,RS,Premium,2025-05-01
1812,Luísa Rodrigues,cnunes@example.org,Cavalcante,SC,Premium,2024-11-10
1813,Emanuelly Vasconcelos,evelyn44@example.org,Marques Verde,BA,Premium,2025-05-07
1814,Davi Miguel Fogaça,marcelo32@example.net,Vieira das Flores,DF,Premium,2024-08-13
1815,Yago Oliveira,fernandesjade@example.org,Barros Alegre,PE,Varejo,2024-06-18
1816,Maitê Silveira,vcavalcanti@example.com,Oliveira,PE,Varejo,2024-05-26
1817,Hellena Sales,carolinemoura@example.net,Caldeira de Goiás,DF,Varejo,2025-10-25
1818,Matteo Freitas,benjamim78@example.com,Novais Alegre,PE,Atacado,2023-09-27
1819,Luna Sá,rvargas@example.com,Câmara do Sul,CE,Varejo,2024-06-30
1820,Dante Rocha,camargomaria-luisa@example.net,Cavalcante de Aragão,SC,Premium,2024-07-08
1821,Lívia Pacheco,vitor-gabrielvieira@example.org,Fonseca,SC,Varejo,2024-07-25
1822,Lorena Borges,ana-beatriz71@example.com,Costa do Campo,MG,Atacado,2024-08-04
1823,Srta. Maria Clara Pinto,larissamelo@example.net,da Costa,RS,Premium,2025-06-26
1824,Luiza Aparecida,pintovitor@example.org,da Paz,SC,Corporativo,2024-01-16
1825,Luiz Gustavo Cavalcanti,ngomes@example.net,Sampaio,MG,Premium,2026-03-10
1826,Olívia Novais,pereirajoao@example.com,da Mata,MG,Varejo,2025-03-16
1827,Isaac Moraes,isadora22@example.com,Leão do Norte,PE,Premium,2025-01-19
1828,Sofia Leão,cnascimento@example.com,Cavalcante Grande,MG,Premium,2025-10-07
1829,Sra. Sophia Fernandes,vitoria59@example.com,Vieira Alegre,SP,Varejo,2026-04-13
1830,Felipe Montenegro,ana-juliapimenta@example.org,Sales,PE,Premium,2025-06-29
1831,Sr. Davi Luiz Abreu,aparecidaleonardo@example.com,Porto de Goiás,RS,Atacado,2026-03-01
1832,Isabel Barbosa,joaoramos@example.org,Dias de Minas,DF,Atacado,2024-07-22
1833,Lorenzo Fernandes,handrade@example.org,Novais da Serra,PE,Varejo,2026-07-28
1834,João Miguel da Rosa,raquel89@example.com,Pastor do Amparo,MG,Corporativo,2024-04-13
1835,Hellena Lima,yporto@example.com,Ramos das Pedras,SC,Corporativo,2024-04-22
1836,Srta. Caroline Fonseca,emillyda-paz@example.org,Moura,SC,Corporativo,2024-08-07
1837,Yago Caldeira,mateusazevedo@example.org,Pereira,SC,Varejo,2024-04-12
1838,Alana Pires,francisco06@example.net,Borges,SP,Atacado,2025-11-18
1839,Oliver da Luz,ncastro@example.net,Ferreira de Alves,BA,Varejo,2025-12-08
1840,Ravy Guerra,riosmaria-alice@example.org,Ferreira,BA,Atacado,2025-09-17
1841,Luna da Luz,vitor72@example.com,Oliveira,SP,Varejo,2023-10-23
1842,Sr. Caleb Moraes,gustavogoncalves@example.org,Silva,RS,Atacado,2025-07-16
1843,Ravy Cavalcanti,marquespedro@example.org,Viana de Silva,BA,Premium,2024-08-05
1844,Ester Alves,luiz-otavio22@example.net,Sousa,MG,Varejo,2025-06-03
1845,Carlos Eduardo Siqueira,qduarte@example.net,Porto,SC,Premium,2024-12-17
1846,Yuri Novaes,renancavalcante@example.com,Sampaio de Goiás,MG,Varejo,2026-02-16
1847,Gabrielly Dias,vitor61@example.com,Sousa de Souza,SP,Premium,2025-10-08
1848,Enrico Gonçalves,thales09@example.com,da Cunha Verde,PR,Corporativo,2025-10-15
1849,Bruna Cirino,lpereira@example.com,Cirino,CE,Premium,2026-02-06
1850,Pedro Lucas Azevedo,danielfarias@example.org,Teixeira de Moura,SC,Atacado,2025-10-15
1851,Srta. Hadassa Mendonça,joao-guilherme98@example.net,Cardoso,BA,Corporativo,2024-04-21
1852,Carlos Eduardo Carvalho,isabella08@example.org,Andrade,BA,Atacado,2023-11-11
1853,Yuri Mendonça,gmoreira@example.net,Ferreira de Rodrigues,MG,Corporativo,2024-07-26
1854,Dra. Maria Fernanda Rios,leo38@example.com,Sá,SP,Atacado,2023-11-04
1855,Antony da Mota,ravy61@example.net,Camargo dos Dourados,RS,Atacado,2023-12-15
1856,Sr. Gustavo Henrique Siqueira,almeidakaique@example.net,Vasconcelos,RS,Varejo,2026-03-02
1857,Sra. Amanda Borges,miguel74@example.net,Araújo,DF,Atacado,2026-04-10
1858,André Oliveira,fmelo@example.org,Borges de Pereira,RJ,Premium,2024-02-28
1859,Miguel Aragão,kevincamargo@example.org,Campos,SP,Corporativo,2025-08-18
1860,Nina Sá,cauecamargo@example.net,Camargo,PR,Varejo,2024-02-25
1861,Maria Luiza Caldeira,luiz-miguelaparecida@example.org,Machado,DF,Varejo,2024-04-01
1862,Sra. Vitória Teixeira,mda-cruz@example.net,Andrade,RJ,Varejo,2024-12-02
1863,Evelyn Lopes,nfernandes@example.net,Ribeiro,SP,Varejo,2024-06-06
1864,Liz Vasconcelos,cassianoalexia@example.org,Borges,SC,Corporativo,2024-11-17
1865,Miguel Pires,barbaraalbuquerque@example.net,Carvalho Grande,SC,Varejo,2026-03-17
1866,Marcos Vinicius Cardoso,clara61@example.net,Cunha,CE,Premium,2026-07-05
1867,Manuella Cardoso,xalmeida@example.org,Marques,PE,Atacado,2024-03-05
1868,João Guilherme Correia,jfogaca@example.com,Gomes da Mata,RS,Varejo,2024-03-23
1869,Apollo da Luz,souzaleonardo@example.org,Mendes,PR,Corporativo,2023-11-25
1870,Camila Fonseca,maria-luizada-conceicao@example.net,da Mota de Araújo,RJ,Premium,2024-05-18
1871,Ana Liz Macedo,lopesleticia@example.net,Jesus,DF,Atacado,2024-08-22
1872,Davi Lucas da Paz,fernandesantonella@example.com,Rodrigues,SC,Varejo,2026-05-11
1873,Alana Câmara,benicio30@example.org,Pimenta,CE,Varejo,2025-03-20
1874,Sara Nunes,bfreitas@example.com,Freitas,PR,Varejo,2025-07-21
1875,Marcela Freitas,lais23@example.com,Caldeira de Carvalho,RJ,Corporativo,2024-09-27
1876,Maya Abreu,aparecidadante@example.org,Andrade,RS,Atacado,2024-07-20
1877,Noah Novaes,guilhermemachado@example.com,Teixeira de Minas,PR,Atacado,2025-10-01
1878,Otávio Moreira,nogueiraapollo@example.net,Siqueira,BA,Corporativo,2026-07-10
1879,Dr. Cauê Casa Grande,silveirahenrique@example.com,Martins,PR,Atacado,2024-01-12
1880,Thomas Aparecida,gmachado@example.org,Martins,SP,Corporativo,2024-08-24
1881,Sr. Benicio da Paz,sofia47@example.com,Guerra,RS,Corporativo,2024-05-31
1882,Gael Henrique Alves,nunesluara@example.org,Nascimento do Galho,BA,Atacado,2026-07-19
1883,Dr. Paulo Santos,qpeixoto@example.com,Costela,SP,Varejo,2024-03-08
1884,Alana Farias,murilopereira@example.com,Macedo,RJ,Varejo,2024-10-01
1885,Maria Júlia Lopes,emanuelfogaca@example.net,Moura,DF,Corporativo,2024-09-10
1886,Renan Almeida,araujovitor@example.com,Lima do Campo,MG,Varejo,2024-12-28
1887,Sr. Bernardo Vieira,aragaomaite@example.net,Rios de Martins,CE,Varejo,2024-03-14
1888,Arthur Miguel Almeida,ravy88@example.org,Oliveira do Sul,RJ,Premium,2025-01-04
1889,Benício Dias,bryanda-cunha@example.net,Pastor,RS,Corporativo,2024-12-08
1890,Sara Gonçalves,oporto@example.net,Costa,PR,Premium,2025-08-22
1891,Maysa Rodrigues,leaogiovanna@example.net,Caldeira das Pedras,PE,Varejo,2025-04-18
1892,Dom Cunha,dda-paz@example.com,Oliveira de da Mata,RJ,Atacado,2024-09-22
1893,Erick Teixeira,luiza23@example.net,Pacheco Verde,SP,Premium,2024-02-26
1894,Melissa Albuquerque,silvavinicius@example.org,Ribeiro Grande,BA,Premium,2023-10-13
1895,Ravi Lucca Aragão,knogueira@example.org,Jesus,SC,Varejo,2023-11-27
1896,Arthur Pires,gabriel81@example.org,Rodrigues Verde,RJ,Varejo,2025-11-07
1897,Sofia Vasconcelos,hcasa-grande@example.org,Almeida de Siqueira,SP,Atacado,2025-12-15
1898,Lavínia Ribeiro,barbosazoe@example.com,da Rosa da Prata,MG,Premium,2024-04-04
1899,Dante Machado,rebeca83@example.net,Montenegro de Freitas,BA,Corporativo,2025-07-13
1900,Vitor Hugo Cavalcanti,alvesvalentim@example.net,Leão,DF,Premium,2025-09-08
1901,Dr. Caleb Cirino,gabriellynunes@example.org,Peixoto das Flores,RJ,Premium,2024-01-23
1902,Antonella Castro,lrocha@example.com,Peixoto,BA,Atacado,2026-07-10
1903,Sofia Cassiano,wsilveira@example.com,Rios de Porto,RJ,Corporativo,2023-11-19
1904,Augusto Pastor,raul14@example.org,Camargo da Praia,SC,Corporativo,2025-06-27
1905,Thales Novaes,luiz-gustavomendonca@example.com,Farias,PR,Corporativo,2025-04-11
1906,Sr. Raul Pacheco,pereiralaura@example.net,Pimenta das Flores,PE,Corporativo,2025-04-21
1907,Isadora Silveira,liz04@example.com,Cassiano de Minas,MG,Varejo,2025-07-23
1908,Eduardo Novais,gustavo62@example.org,Pacheco de Goiás,MG,Varejo,2026-05-09
1909,Kamilly Nogueira,alexandremontenegro@example.net,da Mata,MG,Varejo,2025-12-11
1910,Yasmin Sampaio,bryanlopes@example.org,Gonçalves do Amparo,SC,Corporativo,2024-04-25
1911,Melina Pereira,limaaugusto@example.net,Borges,DF,Corporativo,2024-12-11
1912,Heitor Camargo,elisaribeiro@example.net,Costela,MG,Corporativo,2025-05-27
1913,Igor Cunha,asilveira@example.org,Cirino de Goiás,BA,Varejo,2023-11-10
1914,Lorenzo Novais,guerrabrenda@example.net,Cavalcante,MG,Corporativo,2025-03-15
1915,Kevin Monteiro,viniciuscampos@example.net,Lima,PE,Varejo,2025-01-08
1916,Ana Beatriz Correia,yan09@example.com,Azevedo do Amparo,SC,Corporativo,2025-09-24
1917,Srta. Stella Cardoso,stephany98@example.net,Nogueira,SP,Varejo,2025-12-21
1918,Srta. Maria Liz Martins,gaelda-mata@example.org,da Mata de Jesus,PR,Premium,2025-11-14
1919,Henry Gabriel Duarte,isabelpires@example.com,Nogueira das Pedras,SP,Atacado,2026-04-17
1920,Zoe Pinto,isabelasampaio@example.net,das Neves de Montenegro,BA,Varejo,2025-04-17
1921,Luana Sales,duartecarolina@example.net,Dias do Norte,SC,Atacado,2024-02-21
1922,Davi Luiz Silveira,danilorodrigues@example.com,da Cruz das Flores,PE,Premium,2023-11-11
1923,Sr. Brayan Melo,limadavi@example.org,Costela das Pedras,SC,Atacado,2025-01-03
1924,Noah Santos,guilhermemoraes@example.net,Duarte da Praia,CE,Varejo,2026-03-22
1925,Mateus Mendonça,aragaobenicio@example.net,Carvalho da Mata,SP,Atacado,2025-12-04
1926,Isis Cavalcanti,da-rochafernanda@example.com,Viana da Prata,CE,Corporativo,2026-04-12
1927,Marina Monteiro,uaragao@example.com,Castro do Sul,PE,Atacado,2024-12-28
1928,Dr. Luiz Otávio Mendonça,ifernandes@example.org,Viana de das Neves,RJ,Corporativo,2025-01-10
1929,Gael Viana,limajose-pedro@example.org,da Luz das Flores,BA,Atacado,2025-04-17
1930,Francisco Vargas,sfernandes@example.com,Caldeira,BA,Premium,2025-05-10
1931,Lívia Pereira,raul00@example.net,Castro da Serra,SP,Atacado,2024-03-04
1932,Dom da Rocha,marcelalima@example.com,das Neves de Guerra,CE,Corporativo,2024-03-29
1933,Sr. Mathias Alves,barrosluiz-gustavo@example.com,Borges,SC,Atacado,2025-04-03
1934,Isis Nascimento,aaraujo@example.net,Caldeira,RJ,Corporativo,2025-09-09
1935,Stella Gonçalves,fsilva@example.net,Costa,PE,Corporativo,2024-01-03
1936,Luiz Henrique Macedo,da-matamaite@example.org,Vieira Paulista,RJ,Corporativo,2024-05-14
1937,Mariana Barbosa,henrycavalcante@example.org,Moura,PE,Premium,2024-09-27
1938,Rhavi Fernandes,lorenaferreira@example.net,Sá da Prata,RJ,Corporativo,2023-11-16
1939,Marcela Porto,emillyda-luz@example.net,das Neves,SP,Varejo,2024-03-19
1940,Igor Montenegro,thiago54@example.org,Rocha,SC,Corporativo,2025-06-30
1941,Leandro Rezende,allana75@example.net,Costa,SP,Varejo,2023-12-31
1942,Davi Miguel Correia,manuelada-paz@example.net,Rodrigues de Pinto,RJ,Premium,2024-01-12
1943,Maysa Vasconcelos,nteixeira@example.org,Ramos da Serra,CE,Atacado,2025-10-02
1944,Arthur Correia,krodrigues@example.org,Fogaça de Silva,PE,Premium,2023-09-22
1945,Ágatha Araújo,pereirahellena@example.org,da Cunha,BA,Varejo,2025-01-26
1946,Dra. Evelyn Andrade,ypereira@example.org,Silveira da Prata,RS,Corporativo,2025-10-23
1947,João Felipe Pinto,biancada-conceicao@example.com,Andrade,BA,Corporativo,2026-05-15
1948,Srta. Sophie Azevedo,emacedo@example.net,Moraes de Minas,BA,Corporativo,2025-06-24
1949,Sr. João Lucas da Cunha,eloah44@example.com,Nascimento,RJ,Varejo,2024-07-25
1950,Maria Cecília Sales,melopedro-henrique@example.com,Albuquerque,RS,Varejo,2026-05-26
1951,Luna da Costa,casa-grandestella@example.com,Nascimento das Flores,BA,Premium,2026-04-26
1952,Mariana Pastor,davidas-neves@example.com,Pacheco de Sampaio,PR,Premium,2024-03-27
1953,Bella da Mota,irodrigues@example.com,da Conceição do Norte,RJ,Varejo,2024-01-20
1954,Dra. Ágatha Souza,qsantos@example.org,Cardoso do Oeste,MG,Corporativo,2026-01-14
1955,Heloisa Pastor,hcastro@example.org,Nunes,MG,Corporativo,2024-02-10
1956,Daniel Ramos,zalves@example.org,Cavalcanti,RJ,Premium,2025-11-14
1957,Ana Julia Silva,lucas-gabrielcasa-grande@example.org,Camargo,DF,Atacado,2023-09-26
1958,Ian Cavalcanti,almeidadavi-lucas@example.net,Martins das Pedras,RS,Varejo,2025-04-14
1959,Augusto Alves,ysilva@example.org,Novaes,SC,Atacado,2024-01-10
1960,Gabriel Freitas,silveiraravy@example.net,Dias de Goiás,PE,Atacado,2026-05-25
1961,Thomas Sá,vianamaria-sophia@example.com,Viana da Prata,BA,Varejo,2026-05-26
1962,Gael Dias,julia95@example.net,Andrade,SC,Varejo,2023-09-08
1963,Antony Marques,bella96@example.com,Farias,DF,Varejo,2023-10-03
1964,Srta. Maya Lopes,rlima@example.org,Albuquerque,PE,Corporativo,2026-06-04
1965,Maria Eduarda da Rosa,santosfernando@example.net,da Paz,DF,Atacado,2023-09-05
1966,Ágatha Duarte,guerravitor-gabriel@example.net,Aparecida de Moreira,PE,Varejo,2026-04-15
1967,Léo Vargas,lorenaleao@example.net,da Rocha,CE,Varejo,2026-01-10
1968,Marcos Vinicius Nascimento,ycastro@example.net,Viana de Albuquerque,CE,Corporativo,2025-12-01
1969,Vitor Hugo Lopes,melosarah@example.net,Viana de Pimenta,DF,Corporativo,2023-12-24
1970,Sr. Léo Pastor,xcirino@example.com,Nunes,CE,Atacado,2025-08-08
1971,Alícia Sales,josealmeida@example.org,Lopes,DF,Atacado,2025-03-12
1972,Stephany Oliveira,gabriellyalbuquerque@example.com,Novaes,MG,Varejo,2023-09-12
1973,Maria Eduarda Carvalho,vianamaria-eduarda@example.com,Moraes Alegre,SC,Premium,2024-03-03
1974,Raquel Marques,fernando27@example.com,Pereira da Serra,CE,Corporativo,2023-12-27
1975,Vitor Hugo Rocha,alanaborges@example.net,Carvalho das Pedras,SC,Atacado,2024-10-20
1976,Enrico Casa Grande,gfarias@example.net,Machado,PR,Corporativo,2023-11-24
1977,Sra. Maria Clara da Mata,gustavo-henriquenovaes@example.com,Freitas do Amparo,BA,Premium,2023-11-12
1978,Dr. Thiago Cardoso,oliveirajoao-miguel@example.org,Monteiro do Sul,PE,Atacado,2026-02-11
1979,Benicio Azevedo,tcamara@example.com,da Mota do Norte,MG,Corporativo,2025-08-16
1980,Heitor Carvalho,maria-isis28@example.org,Silveira Paulista,DF,Premium,2023-09-10
1981,Caio Mendonça,lorenzosales@example.com,da Costa de Borges,CE,Premium,2024-04-01
1982,Ana Sophia Gomes,anthony-gabriel71@example.org,Novais do Norte,CE,Atacado,2024-01-23
1983,Marcelo Abreu,maria-fernandacaldeira@example.net,Dias,RS,Atacado,2024-06-17
1984,Anna Liz Souza,souzaeloa@example.org,Aragão de Nunes,DF,Premium,2024-04-01
1985,Augusto Andrade,zbarbosa@example.com,Rodrigues do Sul,BA,Atacado,2023-09-10
1986,Jade Sampaio,montenegroana-livia@example.net,Sampaio da Mata,MG,Premium,2024-08-20
1987,Cecília Nunes,ljesus@example.net,Jesus,RJ,Premium,2025-02-19
1988,José Miguel da Mota,hvargas@example.com,Pinto,CE,Corporativo,2025-11-10
1989,Renan Costa,stephany13@example.net,Andrade,DF,Corporativo,2024-10-07
1990,Sr. Eduardo Fogaça,rcamara@example.org,Martins,CE,Premium,2024-12-07
1991,Luiz Miguel Macedo,sabrina35@example.org,Moura do Norte,SC,Varejo,2025-05-25
1992,Yago Lopes,souzaliz@example.com,Pastor,CE,Varejo,2026-01-01
1993,José da Rosa,agathada-rosa@example.org,da Conceição das Flores,SP,Corporativo,2026-05-09
1994,Nathan Carvalho,fariasbruna@example.org,Macedo de da Mota,MG,Varejo,2023-11-19
1995,Maria Cecília Machado,clarice15@example.com,Costela,SP,Atacado,2026-01-27
1996,Anthony Peixoto,nogueirabrenda@example.com,Aparecida,PR,Atacado,2025-10-08
1997,Luana Siqueira,riosgustavo@example.org,Barros,PR,Premium,2024-02-05
1998,Sofia Gomes,peixotoarthur-miguel@example.org,da Rocha dos Dourados,MG,Varejo,2026-07-28
1999,Ana Júlia Rodrigues,luccaporto@example.org,Silva da Praia,PR,Atacado,2024-08-31
2000,Dr. Bryan Rodrigues,alexandrebarros@example.net,Cirino,CE,Varejo,2025-07-14
